Source File	Size	loadResources	load	generateSnapshots	load-configure	scan	loadDepInfo	loadInfo	checkR4R4B	generateNarratives	validate	loadLists	checkConformanceResources	checkConformanceResources2	checkConformanceResources3	generateLogicalMaps	validateExpressions	scanForUsageStats	checkURLsUnique	processProvenanceDetails	translate	generate1	generate2	generateLogicals	makeDependencies	generateExampleZip	generateValidationPack	scanProfilesForR5	scanExamplesForR5
/fsh-generated/resources/ImplementationGuide-hl7.fhir.be.terminology.json	54544	-	0	0	0	0	0	0	22	91	0	0	0	0	0	0	0	1	0	0	0	223	364	0	0	0	12	0	3
fsh-generated/resources/CodeSystem-BeMedicationLineAdherenceStatus.json	3265	3	0	0	1	0	0	0	0	1	0	0	1	0	0	0	0	0	0	0	0	14	119	0	0	0	1	0	0
fsh-generated/resources/CodeSystem-BeMedicationLineAdherenceStatusReason.json	3892	2	0	0	0	0	0	0	1	0	0	0	0	0	0	0	0	0	0	0	0	13	72	0	0	0	1	0	0
fsh-generated/resources/CodeSystem-BeMedicationLineOriginType.json	1848	1	0	0	0	0	0	0	0	0	0	0	0	0	0	0	0	1	0	0	0	14	55	0	0	0	0	0	0
fsh-generated/resources/CodeSystem-BeMedicationLineRegistrationStatus.json	1542	2	0	0	0	0	0	0	1	0	0	0	0	0	0	1	0	0	0	0	0	8	46	0	0	0	0	0	0
fsh-generated/resources/CodeSystem-BeMedicationRequestReimbursementType.json	4825	1	0	0	0	0	0	0	0	0	0	0	0	0	0	0	0	0	0	0	0	15	55	0	0	0	1	0	0
fsh-generated/resources/CodeSystem-BeMedicationType.json	1495	1	0	0	0	0	0	0	1	0	0	0	0	0	0	0	0	0	0	0	0	9	40	0	0	0	0	0	0
fsh-generated/resources/CodeSystem-PSSQSIConditions.json	1298	1	0	0	0	0	0	0	0	0	0	0	0	0	0	0	0	0	0	0	0	9	36	0	0	0	0	0	0
fsh-generated/resources/CodeSystem-PSSQSIProcedures.json	1298	1	0	0	0	0	0	0	0	0	0	0	0	0	0	0	0	0	0	0	0	9	33	0	0	0	1	0	0
fsh-generated/resources/CodeSystem-PSSRatingTypes.json	1535	1	0	0	0	0	0	0	0	0	0	0	0	0	0	0	0	0	0	0	0	6	35	0	0	0	0	0	0
fsh-generated/resources/CodeSystem-agreement-errors.json	2561	2	0	0	0	0	0	0	1	0	0	0	0	0	0	0	0	0	0	0	0	7	43	0	0	0	0	0	0
fsh-generated/resources/CodeSystem-agreement-types.json	4026	2	0	0	1	0	0	0	0	0	0	0	0	0	0	0	0	0	0	0	0	9	50	0	0	0	1	0	0
fsh-generated/resources/CodeSystem-albert.json	1218	1	0	0	0	0	0	0	0	0	0	0	0	0	0	0	0	0	0	0	0	5	36	0	0	0	0	0	0
fsh-generated/resources/CodeSystem-annex-types.json	6838	4	0	0	0	0	0	0	1	0	0	0	0	0	0	0	0	0	0	0	0	12	75	0	0	0	1	0	0
fsh-generated/resources/CodeSystem-be-cs-annex81-status-reason.json	1403	1	0	0	0	0	0	0	0	0	0	0	0	0	0	0	0	0	0	0	0	6	36	0	0	0	0	0	0
fsh-generated/resources/CodeSystem-be-cs-bodysite.json	1326	1	0	0	0	0	0	0	0	0	0	0	0	0	0	0	0	0	0	0	0	4	37	0	0	0	0	0	0
fsh-generated/resources/CodeSystem-be-cs-care-location.json	7700	2	0	0	0	0	0	0	0	0	0	0	0	0	1	0	0	0	0	0	0	12	58	0	0	0	1	0	0
fsh-generated/resources/CodeSystem-be-cs-claim-exemption-code.json	2420	2	0	0	0	0	0	0	0	0	0	0	0	0	0	0	0	0	0	0	0	7	42	0	0	0	0	0	0
fsh-generated/resources/CodeSystem-be-cs-claim-norm-code.json	2550	1	0	0	0	0	0	0	1	0	0	0	0	0	0	0	0	0	0	0	0	6	48	0	0	0	1	0	0
fsh-generated/resources/CodeSystem-be-cs-claim-transplantation-code.json	2377	1	0	0	0	0	0	0	0	0	0	0	0	0	0	0	0	0	0	0	0	6	47	0	0	0	0	0	0
fsh-generated/resources/CodeSystem-be-cs-coded-annotation-types.json	1724	1	0	0	0	0	0	0	0	0	0	0	0	0	0	0	0	0	0	0	0	7	35	0	0	0	0	0	0
fsh-generated/resources/CodeSystem-be-cs-holder-code-1.json	3066	1	0	0	0	0	0	0	0	0	0	0	0	0	0	0	0	0	0	0	0	8	45	0	0	0	0	0	0
fsh-generated/resources/CodeSystem-be-cs-holder-code-2.json	3033	2	0	0	0	0	0	0	0	0	0	0	0	0	0	0	0	0	0	0	0	6	43	0	0	0	1	0	0
fsh-generated/resources/CodeSystem-be-cs-hospital-service-cd.json	4909	2	0	0	0	0	0	0	1	0	0	0	0	0	0	0	0	0	0	0	0	10	68	0	0	0	0	0	1
fsh-generated/resources/CodeSystem-be-cs-id-doc-input-type.json	2401	1	0	0	0	0	0	0	0	0	0	0	0	0	0	0	0	0	0	0	0	7	36	0	0	0	0	0	0
fsh-generated/resources/CodeSystem-be-cs-id-doc-manual-input-justification.json	2495	2	0	0	0	0	0	0	0	0	0	0	0	0	0	0	0	0	0	0	0	6	38	0	0	0	1	0	0
fsh-generated/resources/CodeSystem-be-cs-id-doc-media-type.json	2464	1	0	0	0	0	0	0	0	0	0	0	0	0	0	0	0	0	0	0	0	7	38	0	0	0	0	0	0
fsh-generated/resources/CodeSystem-be-cs-id-doc-vignette-use-justification.json	2372	1	0	0	1	0	0	0	1	0	0	0	0	0	0	0	0	1	0	0	0	6	33	0	0	0	0	0	0
fsh-generated/resources/CodeSystem-be-cs-partial-agreement-values.json	2314	1	0	0	0	0	0	0	0	0	0	0	0	0	0	0	0	0	0	0	0	6	32	0	0	0	1	0	0
fsh-generated/resources/CodeSystem-be-cs-patientwill-category.json	1580	1	0	0	0	0	0	0	0	0	0	0	0	0	0	0	0	0	0	0	0	6	32	0	0	0	0	0	0
fsh-generated/resources/CodeSystem-be-cs-patientwill-code.json	3559	2	0	0	0	0	0	0	0	0	0	0	0	0	0	0	0	0	0	0	0	8	47	0	0	0	0	0	0
fsh-generated/resources/CodeSystem-be-cs-populationscreening-next-invitation-type.json	2265	1	0	0	0	0	0	0	0	0	0	0	0	0	0	0	0	0	0	0	0	7	32	0	0	0	0	0	0
fsh-generated/resources/CodeSystem-be-cs-problem-category.json	3861	1	0	0	0	0	0	0	1	0	0	0	0	0	0	0	0	0	0	0	0	9	36	0	0	0	1	0	0
fsh-generated/resources/CodeSystem-be-cs-problem-origin-type.json	2700	1	0	0	0	0	0	0	0	0	0	0	0	0	0	0	0	0	0	0	0	7	32	0	0	0	0	0	0
fsh-generated/resources/CodeSystem-be-cs-pseudonymization-type.json	1475	1	0	0	0	0	0	0	0	0	0	0	0	0	0	0	0	0	0	0	0	5	26	0	0	0	0	0	0
fsh-generated/resources/CodeSystem-be-cs-pseudonymization-version.json	1496	1	0	0	0	0	0	0	0	0	0	0	0	0	0	0	0	0	0	0	0	4	27	0	0	0	0	0	0
fsh-generated/resources/CodeSystem-be-cs-requester-norm.json	2490	1	0	0	0	0	0	0	0	0	0	0	0	0	0	0	0	0	0	0	0	6	34	0	0	0	1	0	0
fsh-generated/resources/CodeSystem-be-cs-score-category.json	2141	2	0	0	0	0	0	0	0	0	0	0	0	0	0	0	0	0	0	0	0	6	28	0	0	0	0	0	0
fsh-generated/resources/CodeSystem-be-cs-score.json	6610	1	0	0	0	0	0	0	1	0	0	0	0	0	0	0	0	0	0	0	0	12	38	0	0	0	1	0	0
fsh-generated/resources/CodeSystem-be-cs-speech-therapy-pathology-situation-code.json	3588	2	0	0	0	0	0	0	0	0	0	0	0	0	1	0	0	0	0	0	0	7	39	0	0	0	0	0	0
fsh-generated/resources/CodeSystem-be-cs-temp-requested-service-detail.json	11714	2	0	0	0	0	0	0	1	0	0	0	0	0	0	0	0	0	0	0	0	17	43	0	0	0	1	0	0
fsh-generated/resources/CodeSystem-be-cs-temp-requested-service.json	9922	2	0	0	0	0	0	0	0	0	0	0	0	0	0	0	0	0	0	0	0	14	37	0	0	0	0	0	0
fsh-generated/resources/CodeSystem-be-cs-treatment-reason.json	2449	2	0	0	0	0	0	0	1	0	0	0	0	0	0	0	0	0	0	0	0	6	30	0	0	0	1	0	0
fsh-generated/resources/CodeSystem-be-cs-vaccination-administration-route.json	3102	1	0	0	0	0	0	0	0	0	0	0	0	0	0	0	0	0	0	0	0	7	28	0	0	0	0	0	0
fsh-generated/resources/CodeSystem-be-cs-vaccination-confirmation-status.json	2066	1	0	0	0	0	0	0	0	0	0	0	0	0	0	0	0	0	0	0	0	6	28	0	0	0	0	0	0
fsh-generated/resources/CodeSystem-be-cs-vaccination-status-reason.json	1764	0	0	0	0	0	0	0	0	0	0	0	0	0	0	0	0	0	0	0	0	5	27	0	0	0	1	0	0
fsh-generated/resources/CodeSystem-be-cs-vaccine-code.json	1318	1	0	0	0	0	0	0	0	0	0	0	0	0	0	0	0	0	0	0	0	4	68	0	0	0	0	0	0
fsh-generated/resources/CodeSystem-be-cs-vaccine-target-disease.json	1265	1	0	0	0	0	0	0	0	0	0	0	0	0	0	0	0	0	0	0	0	6	22	0	0	0	0	0	0
fsh-generated/resources/CodeSystem-be-prescription-status-reason.json	1506	1	0	0	0	0	0	0	0	0	0	0	0	0	0	0	0	0	0	0	0	5	25	0	0	0	0	0	0
fsh-generated/resources/CodeSystem-be-treatment-status-reason.json	1618	1	0	0	0	0	0	0	0	0	0	0	0	0	0	0	0	0	0	0	0	5	24	0	0	0	1	0	0
fsh-generated/resources/CodeSystem-cd-civilstate.json	5625	1	0	0	0	0	0	0	1	0	0	0	0	0	0	0	0	0	0	0	0	9	32	0	0	0	0	0	0
fsh-generated/resources/CodeSystem-cd-contact-person.json	5263	2	0	0	1	0	0	0	0	0	0	0	0	0	0	0	0	0	0	0	0	8	35	0	0	0	1	0	0
fsh-generated/resources/CodeSystem-cd-fed-country.json	1237	0	0	0	0	0	0	0	0	0	0	0	0	0	0	0	0	0	0	0	0	7	25	0	0	0	0	0	0
fsh-generated/resources/CodeSystem-cd-hcparty.json	118814	20	0	0	0	0	0	0	9	0	0	0	1	0	0	0	0	2	0	0	0	131	244	0	0	0	8	0	1
fsh-generated/resources/CodeSystem-decision-values.json	3058	3	0	0	0	0	0	0	0	0	0	0	0	0	0	0	0	0	0	0	0	8	39	0	0	0	0	0	0
fsh-generated/resources/CodeSystem-message-events.json	3779	1	0	0	0	0	0	0	0	0	0	0	0	0	0	0	0	0	0	0	0	7	39	0	0	0	1	0	0
fsh-generated/resources/CodeSystem-nihdi-physiotherapy-pathologysituationcode.json	147345	28	0	0	0	0	0	0	7	1	0	0	0	0	0	0	0	1	0	0	0	158	238	0	0	0	7	0	0
fsh-generated/resources/CodeSystem-refusal-values.json	2905	2	0	0	0	0	0	0	0	0	0	0	0	0	0	0	0	0	0	0	0	7	30	0	0	0	1	0	0
fsh-generated/resources/CodeSystem-waitingforinformation-values.json	2908	1	0	0	0	0	0	0	1	0	0	0	0	0	0	0	0	0	0	0	0	7	29	0	0	0	0	0	0
fsh-generated/resources/ConceptMap-BeCMISOToothSnomedCT.json	18932	4	0	0	0	0	0	0	1	584	0	0	0	0	0	0	0	0	0	0	0	44	69	0	0	0	2	0	0
fsh-generated/resources/NamingSystem-be-cbe.json	1549	1	12	0	0	0	0	0	0	0	2575	0	0	0	0	0	0	0	0	0	0	5	9	0	0	0	1	0	0
fsh-generated/resources/NamingSystem-be-ehp.json	1558	1	0	0	0	0	0	0	0	0	24	0	0	0	0	0	0	0	0	0	0	5	9	0	0	0	0	0	0
fsh-generated/resources/NamingSystem-be-insurancenumber.json	1753	1	0	0	0	0	0	0	0	0	20	0	0	0	0	0	0	0	0	0	0	4	10	0	0	0	0	0	0
fsh-generated/resources/NamingSystem-be-insurancymembership.json	1561	0	1	0	0	0	0	0	0	0	20	0	0	0	1	0	0	0	0	0	0	6	11	0	0	0	1	0	0
fsh-generated/resources/NamingSystem-be-nihdi.json	1561	1	0	0	0	0	0	0	0	0	44	0	0	0	0	0	0	0	0	0	0	4	6	0	0	0	0	0	0
fsh-generated/resources/NamingSystem-be-ns-allergy.json	1523	1	1	0	0	0	0	0	0	0	19	0	0	0	0	0	0	0	0	0	0	5	5	0	0	0	0	0	0
fsh-generated/resources/NamingSystem-be-ns-belac.json	936	1	0	0	0	0	0	0	0	0	10	0	0	0	0	0	0	0	0	0	0	4	6	0	0	0	0	0	0
fsh-generated/resources/NamingSystem-be-ns-claim-related-claim.json	2523	1	1	0	0	0	0	0	0	0	429	0	0	0	0	0	0	0	0	0	0	5	11	0	0	0	0	0	0
fsh-generated/resources/NamingSystem-be-ns-cnk-codes.json	1495	0	1	0	0	0	0	0	0	0	16	0	0	0	0	0	0	0	0	0	0	4	6	0	0	0	1	0	0
fsh-generated/resources/NamingSystem-be-ns-cti-extended-code.json	1528	1	0	0	0	0	0	0	1	0	15	0	0	0	0	0	0	0	0	0	0	6	5	0	0	0	0	0	0
fsh-generated/resources/NamingSystem-be-ns-lab-report-bundle-id.json	1140	1	1	0	0	0	0	0	0	0	13	0	0	0	0	0	0	0	0	0	0	3	4	0	0	0	0	0	0
fsh-generated/resources/NamingSystem-be-ns-lab-report-diagnostic-report-id.json	1193	0	0	0	0	0	0	0	0	0	10	0	0	0	0	0	0	0	0	0	0	4	5	0	0	0	0	0	0
fsh-generated/resources/NamingSystem-be-ns-nihdi-nomenclature.json	1529	1	1	0	0	0	0	0	0	0	18	0	0	0	0	0	0	0	0	0	0	4	5	0	0	0	1	0	0
fsh-generated/resources/NamingSystem-be-ns-nihdi-organization.json	1527	1	0	0	0	0	0	0	0	0	20	0	0	0	0	0	0	0	0	0	0	5	4	0	0	0	0	0	0
fsh-generated/resources/NamingSystem-be-ns-nihdi-professional.json	1527	0	0	0	0	0	0	0	0	0	17	0	0	0	0	0	0	0	0	0	0	4	6	0	0	0	0	0	0
fsh-generated/resources/NamingSystem-be-ns-one-vaccination.json	1494	1	1	0	0	0	0	0	0	0	30	0	0	0	0	0	0	0	0	0	0	5	4	0	0	0	0	0	0
fsh-generated/resources/NamingSystem-be-ns-prescription-ids.json	1513	1	0	0	0	0	0	0	0	0	17	0	0	0	0	0	0	0	0	0	0	4	4	0	0	0	0	0	0
fsh-generated/resources/NamingSystem-be-ns-product-manufacturer.json	1512	0	1	0	0	0	0	0	0	0	16	0	1	0	0	0	0	0	0	0	0	4	4	0	0	0	1	0	0
fsh-generated/resources/NamingSystem-be-ns-product-package-type.json	1532	1	0	0	0	0	0	0	0	0	12	0	0	0	0	0	0	0	0	0	0	5	5	0	0	0	0	0	0
fsh-generated/resources/NamingSystem-be-ns-retam.json	1003	1	0	0	1	0	0	0	0	0	8	0	0	0	0	0	0	0	0	0	0	4	5	0	0	0	0	0	0
fsh-generated/resources/NamingSystem-be-ns-uhmep-short.json	1524	1	1	0	0	0	0	0	0	0	14	0	0	0	0	0	0	0	0	0	0	4	5	0	0	0	0	0	0
fsh-generated/resources/NamingSystem-be-ns-uhmep.json	1489	0	0	0	0	0	0	0	1	0	15	0	0	0	0	0	0	0	0	0	0	4	5	0	0	0	0	0	0
fsh-generated/resources/NamingSystem-be-ns-vaccinnet-vaccinecode.json	1525	1	0	0	0	0	0	0	0	0	14	0	0	0	0	0	0	0	0	0	0	5	5	0	0	0	1	0	1
fsh-generated/resources/NamingSystem-be-ssin.json	1555	1	1	0	0	0	0	0	0	0	15	0	0	0	0	0	0	0	0	0	0	4	5	0	0	0	0	0	0
fsh-generated/resources/NamingSystem-cvko-id.json	1618	1	0	0	0	0	0	0	0	0	16	0	0	0	0	0	0	0	0	0	0	5	4	0	0	0	0	0	0
fsh-generated/resources/ValueSet-BacterialCodes.json	2709	0	0	0	0	0	0	0	0	0	0	0	0	0	0	0	0	0	0	0	0	9	419	0	0	0	0	0	0
fsh-generated/resources/ValueSet-BeMedicationExposureIntentVS.json	1872	1	0	0	0	0	0	0	0	0	0	0	0	0	0	0	0	0	0	0	0	6	334	0	0	0	1	0	0
fsh-generated/resources/ValueSet-BeMedicationLineAdherenceStatusReasonVS.json	1442	1	0	0	0	0	0	0	0	0	0	0	0	0	0	0	0	0	0	0	0	7	32	0	0	0	0	0	0
fsh-generated/resources/ValueSet-BeMedicationLineAdherenceStatusVS.json	1365	1	0	0	0	0	0	0	0	0	0	0	0	0	1	0	0	0	0	0	0	6	34	0	0	0	0	0	0
fsh-generated/resources/ValueSet-BeMedicationLineOriginTypeVS.json	1354	1	0	0	0	0	0	0	0	0	0	0	0	0	0	0	0	0	0	0	0	5	35	0	0	0	1	0	0
fsh-generated/resources/ValueSet-BeMedicationLineRegistrationStatusVS.json	1438	0	0	0	0	0	0	0	0	0	0	0	0	0	0	0	0	0	0	0	0	4	30	0	0	0	0	0	0
fsh-generated/resources/ValueSet-BeMedicationPrescriptionStatusVS.json	1651	1	0	0	0	0	0	0	0	0	0	0	0	0	0	0	0	0	0	0	0	4	33	0	0	0	0	0	0
fsh-generated/resources/ValueSet-BeMedicationRequestReimbursementTypeVS.json	1472	1	0	0	0	0	0	0	1	0	0	0	0	0	0	0	0	1	0	0	0	6	32	0	0	0	0	0	0
fsh-generated/resources/ValueSet-BeMedicationTypeVS.json	1324	1	0	0	0	0	0	0	0	0	0	0	0	0	0	0	0	0	0	0	0	4	27	0	0	0	0	0	0
fsh-generated/resources/ValueSet-BeRouteOfAdministrationVS.json	10096	2	0	0	0	0	0	0	0	0	0	0	0	0	0	0	0	0	0	0	0	13	308	0	0	0	1	0	0
fsh-generated/resources/ValueSet-BeVSPopulationScreeningFollowUpAdvice.json	2895	1	0	0	0	0	0	0	0	0	0	0	0	0	0	0	0	0	0	0	0	7	362	0	0	0	0	0	0
fsh-generated/resources/ValueSet-CandidaCodes.json	2866	0	0	0	0	0	0	0	1	0	0	0	0	0	0	0	0	0	0	0	0	9	338	0	0	0	0	0	0
fsh-generated/resources/ValueSet-ChlamydiaCodes.json	2974	1	0	0	0	0	0	0	0	0	0	0	0	0	0	0	0	0	0	0	0	7	4944	0	0	0	0	0	0
fsh-generated/resources/ValueSet-CompromisedImmuneSystemCodes.json	3297	1	0	0	0	0	0	0	0	0	0	0	0	0	0	0	0	0	0	0	0	7	2796	0	0	0	0	0	0
fsh-generated/resources/ValueSet-GonokokCodes.json	2907	1	0	0	0	0	0	0	0	0	0	0	0	0	0	0	0	0	0	0	0	8	4523	0	0	0	1	0	0
fsh-generated/resources/ValueSet-MycoplasmaCodes.json	2714	1	0	0	0	0	0	0	0	0	0	0	0	0	0	0	0	0	0	0	0	6	333	0	0	0	0	0	0
fsh-generated/resources/ValueSet-OncologyPatientCodes.json	3258	1	0	0	0	0	0	0	0	0	0	0	0	0	0	0	0	0	0	0	0	6	2703	0	0	0	0	0	0
fsh-generated/resources/ValueSet-OtherCodes.json	2859	1	0	0	0	0	0	0	0	0	0	0	0	0	0	0	0	0	0	0	0	5	330	0	0	0	0	0	0
fsh-generated/resources/ValueSet-PSSRatingTypesVS.json	1430	1	0	0	0	0	0	0	0	0	1	0	0	0	0	0	0	0	0	0	0	4	22	0	0	0	0	0	0
fsh-generated/resources/ValueSet-PregnancyCodes.json	3022	1	0	0	0	0	0	0	0	0	0	0	0	0	0	0	0	0	0	0	0	6	4473	0	0	0	1	0	0
fsh-generated/resources/ValueSet-TrichomonasCodes.json	2776	0	0	0	0	0	0	0	1	0	0	0	0	0	0	0	0	0	0	0	0	6	344	0	0	0	0	0	0
fsh-generated/resources/ValueSet-be-allergyintolerancecode.json	1595	1	0	0	0	0	0	0	0	0	0	0	0	0	0	0	0	0	0	0	0	5	344	0	0	0	0	0	0
fsh-generated/resources/ValueSet-be-causativeagent.json	2176	1	0	0	0	0	0	0	0	0	0	0	0	0	0	0	0	0	0	0	0	5	332	0	0	0	3	0	0
fsh-generated/resources/ValueSet-be-civilstate.json	8356	2	0	0	0	0	0	0	0	0	0	0	0	0	1	0	0	0	0	0	0	10	49	0	0	0	0	0	0
fsh-generated/resources/ValueSet-be-contactperson.json	6260	2	0	0	0	0	0	0	0	0	0	0	0	0	0	0	0	0	0	0	0	7	42	0	0	0	0	0	0
fsh-generated/resources/ValueSet-be-exposureroute.json	2119	1	0	0	0	0	0	0	1	0	0	0	0	0	0	0	0	0	0	0	0	5	324	0	0	0	1	0	0
fsh-generated/resources/ValueSet-be-noallergy.json	2296	1	0	0	0	0	0	0	0	0	0	0	0	0	0	0	0	0	0	0	0	12	326	0	0	0	0	0	0
fsh-generated/resources/ValueSet-be-populationscreening-result-vs.json	2948	1	0	0	0	0	0	0	0	0	0	0	0	0	0	0	0	0	0	0	0	8	343	0	0	0	0	0	0
fsh-generated/resources/ValueSet-be-riskmanifestation.json	17759	3	0	0	0	0	0	0	1	0	0	0	0	0	0	0	0	0	0	0	0	15	262	0	0	0	1	0	0
fsh-generated/resources/ValueSet-be-vs-allergyintolerance-type.json	1610	1	0	0	1	0	0	0	0	0	0	0	0	0	0	0	0	0	0	0	0	5	347	0	0	0	0	0	0
fsh-generated/resources/ValueSet-be-vs-annex-81-reason-code.json	3337	1	0	0	0	0	0	0	0	0	0	0	0	0	0	0	0	0	0	0	0	6	331	0	0	0	1	0	0
fsh-generated/resources/ValueSet-be-vs-annex81-status-reason.json	1346	1	0	0	0	0	0	0	0	0	0	0	0	0	0	0	0	0	0	0	0	3	22	0	0	0	0	0	0
fsh-generated/resources/ValueSet-be-vs-basic-laterality.json	3758	1	0	0	0	0	0	0	0	0	0	0	0	0	0	0	0	0	0	0	0	7	349	0	0	0	0	0	0
fsh-generated/resources/ValueSet-be-vs-bodysite-nursing.json	5054	2	0	0	0	0	0	0	0	0	0	0	0	0	0	0	0	0	0	0	0	8	386	0	0	0	1	0	0
fsh-generated/resources/ValueSet-be-vs-bodysite.json	1338	1	0	0	0	0	0	0	0	0	0	0	0	0	0	0	0	0	0	0	0	4	22	0	0	0	0	0	0
fsh-generated/resources/ValueSet-be-vs-care-location.json	1265	1	0	0	0	0	0	0	1	0	0	0	0	0	0	0	0	0	0	0	0	4	30	0	0	0	0	0	0
fsh-generated/resources/ValueSet-be-vs-cd-hcparty.json	1274	0	0	0	0	0	0	0	0	0	0	0	0	0	0	0	0	0	0	0	0	4	68	0	0	0	0	0	0
fsh-generated/resources/ValueSet-be-vs-claim-exemption-code.json	2339	1	0	0	0	0	0	0	0	0	0	0	0	0	0	0	0	0	0	0	0	7	30	0	0	0	0	0	0
fsh-generated/resources/ValueSet-be-vs-claim-norm-code.json	2313	1	0	0	0	0	1	0	0	0	0	0	0	0	0	0	0	0	0	0	0	6	30	0	0	0	1	0	0
fsh-generated/resources/ValueSet-be-vs-claim-transplantation-code.json	2369	1	0	0	0	0	0	0	0	1	0	0	0	0	0	0	0	0	0	0	0	5	29	0	0	0	0	0	0
fsh-generated/resources/ValueSet-be-vs-coded-annotation-types.json	1320	1	0	0	0	0	0	0	0	0	0	0	0	0	0	0	0	0	0	0	0	4	17	0	1	0	0	0	0
fsh-generated/resources/ValueSet-be-vs-decision-values.json	2451	1	0	0	0	0	0	0	0	0	0	0	0	0	1	0	0	0	0	0	0	6	20	0	0	0	3	0	0
fsh-generated/resources/ValueSet-be-vs-dispenser-types.json	1902	1	0	0	0	0	0	0	1	0	0	0	0	0	0	0	0	0	0	0	0	5	26	0	0	0	0	0	0
fsh-generated/resources/ValueSet-be-vs-eagreementerrors.json	2319	1	0	0	0	0	0	0	0	0	0	0	0	0	0	0	0	0	0	0	0	6	29	0	0	0	0	0	0
fsh-generated/resources/ValueSet-be-vs-gender-at-birth.json	1270	0	0	0	0	0	0	0	0	0	0	0	0	0	0	0	0	0	0	0	0	4	25	0	0	0	0	0	0
fsh-generated/resources/ValueSet-be-vs-holder-code-1.json	2343	1	0	0	0	0	0	0	0	0	0	0	0	0	0	0	0	0	0	0	0	5	33	0	0	0	1	0	0
fsh-generated/resources/ValueSet-be-vs-holder-code-2.json	2343	1	0	0	0	0	0	0	0	0	0	0	0	0	0	0	0	0	0	0	0	5	33	0	0	0	0	0	0
fsh-generated/resources/ValueSet-be-vs-hospital-service-cd.json	2346	1	0	0	0	0	0	0	0	0	0	0	0	0	0	0	0	0	0	0	0	5	41	0	0	0	0	0	0
fsh-generated/resources/ValueSet-be-vs-id-doc-input-type.json	2322	1	0	0	0	0	0	0	0	0	0	0	0	0	0	0	0	0	0	0	0	5	32	0	0	0	0	0	0
fsh-generated/resources/ValueSet-be-vs-id-doc-manual-input-justification.json	2401	1	0	0	0	0	0	0	0	0	0	0	0	0	0	0	0	0	0	0	0	5	26	0	0	0	1	0	0
fsh-generated/resources/ValueSet-be-vs-id-doc-media-type.json	2323	1	0	0	0	0	0	0	1	0	0	0	0	0	0	0	0	0	0	0	0	5	27	0	0	0	0	0	0
fsh-generated/resources/ValueSet-be-vs-id-doc-vignette-use-justification.json	2402	1	0	0	0	0	0	0	0	0	0	0	0	0	0	0	0	0	0	0	0	5	18	0	0	0	0	0	0
fsh-generated/resources/ValueSet-be-vs-laterality.json	1999	1	0	0	0	0	0	0	0	0	0	0	0	0	0	0	0	0	0	0	0	5	492	0	0	0	0	0	0
fsh-generated/resources/ValueSet-be-vs-patient-relationship-type.json	4112	1	0	0	0	0	0	0	0	0	0	0	0	0	0	0	0	0	0	0	0	6	412	0	0	0	0	0	0
fsh-generated/resources/ValueSet-be-vs-patientwill-category.json	1312	1	0	0	0	0	0	0	0	0	0	0	0	0	0	0	0	0	0	0	0	4	17	0	0	0	1	0	0
fsh-generated/resources/ValueSet-be-vs-patientwill-code.json	1298	1	0	0	0	0	0	0	0	0	0	0	0	0	0	0	0	0	0	0	0	4	21	0	0	0	0	0	0
fsh-generated/resources/ValueSet-be-vs-patientwill-scope.json	2632	0	0	0	0	0	0	0	0	0	0	0	0	0	0	0	0	0	0	0	0	5	326	0	0	0	0	0	0
fsh-generated/resources/ValueSet-be-vs-performer-task-status-reason.json	1899	0	0	0	0	0	0	0	0	0	0	0	0	0	0	0	0	0	0	0	0	4	34	0	0	0	0	0	0
fsh-generated/resources/ValueSet-be-vs-populationscreening-next-invitation-type.json	2962	1	0	0	0	0	0	0	0	0	0	0	0	0	0	0	0	0	0	0	0	7	29	0	0	0	0	0	0
fsh-generated/resources/ValueSet-be-vs-populationscreening-type.json	3173	1	0	0	1	0	0	0	1	0	0	0	0	0	0	0	0	0	0	0	0	5	327	0	0	0	0	0	0
fsh-generated/resources/ValueSet-be-vs-prescription-status-reason.json	1381	1	0	0	0	0	0	0	0	0	0	0	0	0	0	0	0	0	0	0	0	4	17	0	0	0	1	0	0
fsh-generated/resources/ValueSet-be-vs-problem-category.json	1383	1	0	0	0	0	0	0	0	0	0	0	0	0	0	0	0	0	0	0	0	4	17	0	0	0	0	0	0
fsh-generated/resources/ValueSet-be-vs-problem-code.json	1362	0	0	0	0	0	0	0	0	0	0	0	0	0	0	0	0	0	0	0	0	4	14	0	0	0	0	0	0
fsh-generated/resources/ValueSet-be-vs-problem-origin-type.json	1400	1	0	0	0	0	0	0	0	0	0	0	0	0	0	0	0	0	0	0	0	4	16	0	0	0	0	0	0
fsh-generated/resources/ValueSet-be-vs-pseudonymization-type.json	1341	1	0	0	0	0	0	0	0	0	0	0	0	0	0	0	0	0	0	0	0	4	17	0	0	0	0	0	0
fsh-generated/resources/ValueSet-be-vs-reaction-manifestation-code.json	3286	1	0	0	0	0	0	0	0	0	0	0	0	0	0	0	0	0	0	0	0	5	248	0	0	0	1	0	0
fsh-generated/resources/ValueSet-be-vs-referral-category.json	8856	2	0	0	0	0	0	0	0	0	0	0	0	0	0	0	0	0	0	0	0	10	246	0	0	0	0	0	0
fsh-generated/resources/ValueSet-be-vs-request-intent.json	1444	1	0	0	0	0	0	0	1	0	0	0	0	0	0	0	0	0	0	0	0	4	18	0	0	0	0	0	0
fsh-generated/resources/ValueSet-be-vs-request-note-type.json	3026	1	0	0	0	0	0	0	0	0	0	0	0	0	0	0	0	0	0	0	0	6	328	0	0	0	0	0	0
fsh-generated/resources/ValueSet-be-vs-requested-services-nurse-detail.json	6394	1	0	0	0	0	0	0	0	0	0	0	0	0	0	0	0	0	0	0	0	8	416	0	0	0	1	0	0
fsh-generated/resources/ValueSet-be-vs-requested-services-nurse.json	5228	1	0	0	0	0	0	0	0	0	0	0	0	0	0	0	0	0	0	0	0	8	256	0	0	0	0	0	0
fsh-generated/resources/ValueSet-be-vs-requester-norm.json	2315	1	0	0	0	0	0	0	0	0	0	0	0	0	1	0	0	0	0	0	0	5	19	0	0	0	0	0	0
fsh-generated/resources/ValueSet-be-vs-score.json	6623	2	0	0	0	0	0	0	1	0	0	0	0	0	0	0	0	0	0	0	0	9	261	0	0	0	1	0	0
fsh-generated/resources/ValueSet-be-vs-scorecategory.json	1389	0	0	0	0	0	0	0	0	0	0	0	0	0	0	0	0	0	0	0	0	4	16	0	0	0	0	0	0
fsh-generated/resources/ValueSet-be-vs-speech-therapy-pathology-situation-code.json	2375	1	0	0	0	0	0	0	0	0	0	0	0	0	0	0	0	0	0	0	0	5	21	0	0	0	0	0	0
fsh-generated/resources/ValueSet-be-vs-task-intent.json	1455	1	0	0	0	0	0	0	0	0	0	0	0	0	0	0	0	0	0	0	0	3	18	0	0	0	0	0	0
fsh-generated/resources/ValueSet-be-vs-toothnumber-bodysite.json	6543	2	0	0	0	0	0	0	1	0	0	0	0	0	0	0	0	0	0	0	0	9	255	0	0	0	1	0	0
fsh-generated/resources/ValueSet-be-vs-treatment-reason.json	2320	0	0	0	0	0	0	0	0	0	0	0	0	0	0	0	0	0	0	0	0	5	20	0	0	0	0	0	0
fsh-generated/resources/ValueSet-be-vs-treatment-status-reason.json	1395	1	0	0	0	0	0	0	0	0	0	0	0	0	0	0	0	0	0	0	0	4	17	0	0	0	0	0	0
fsh-generated/resources/ValueSet-be-vs-vaccination-administration-route.json	1701	1	0	0	0	0	0	0	0	0	0	0	0	0	0	0	0	0	0	0	0	4	20	0	0	0	1	0	0
fsh-generated/resources/ValueSet-be-vs-vaccination-bodysite.json	4384	1	0	0	0	0	0	0	0	0	0	0	0	0	0	0	0	0	0	0	0	7	264	0	0	0	0	0	1
fsh-generated/resources/ValueSet-be-vs-vaccination-confirmation-status.json	1501	1	0	0	0	0	0	0	0	0	0	0	0	0	0	0	0	0	0	0	0	3	17	0	0	0	0	0	0
fsh-generated/resources/ValueSet-be-vs-vaccination-product.json	1273	0	0	0	0	0	0	0	0	0	0	0	0	0	0	0	0	0	0	0	0	4	14	0	0	0	0	0	0
fsh-generated/resources/ValueSet-be-vs-vaccination-reason-code.json	3359	1	0	0	0	0	0	0	0	0	0	0	0	0	0	0	0	0	0	0	0	7	329	0	0	0	0	0	0
fsh-generated/resources/ValueSet-be-vs-vaccination-status-reason.json	2086	1	0	0	0	0	0	0	0	0	0	0	0	0	0	0	0	0	0	0	0	5	20	0	0	0	1	0	0
fsh-generated/resources/ValueSet-be-vs-vaccine-code.json	42174	4	0	0	0	0	0	1	2	0	0	0	0	0	0	0	0	0	0	0	0	38	272	0	0	0	1	0	0
fsh-generated/resources/ValueSet-be-vs-vaccine-target-disease.json	1514	1	0	0	0	0	0	0	0	0	0	0	0	0	0	0	0	0	0	0	0	4	16	0	0	0	0	0	0
fsh-generated/resources/ValueSet-be-vspopulationscreening-body-site-location.json	2903	1	0	0	0	0	0	0	1	0	0	0	0	0	0	0	0	0	0	0	0	6	329	0	0	0	1	0	0
fsh-generated/resources/ValueSet-eagreementadjudicationreason.json	2675	1	0	0	0	0	0	0	0	0	0	0	0	0	0	0	0	0	0	0	0	5	23	0	0	0	0	0	0
fsh-generated/resources/ValueSet-eagreementmessage.json	2433	1	0	0	0	0	0	0	0	0	0	0	0	0	0	0	0	0	0	0	0	6	24	0	0	0	0	0	0
fsh-generated/resources/ValueSet-eagreementproductorservice.json	2701	1	0	0	0	0	0	0	0	0	0	0	0	0	0	0	0	0	0	0	0	6	57	0	0	0	3	0	0
/input/includes/dmn2html.xslt	6208	-	-	-	0	0	0	0	0	0	0	0	0	0	0	0	0	0	0	0	0	0	1	0	0	0	0	0	0
/input/includes/dmn.css	838	-	-	-	0	0	0	0	0	0	0	0	0	0	0	0	0	0	0	0	0	0	0	0	0	0	0	0	0
/fsh-generated/includes/menu.xml	3172	-	-	-	0	0	0	0	0	0	0	0	0	0	0	0	0	0	0	0	0	0	0	0	0	0	0	0	0
/fsh-generated/includes/fsh-link-references.md	11465	-	-	-	0	0	0	0	0	0	0	0	0	0	0	0	0	0	0	0	0	0	1	0	0	0	0	0	0
/input/data/features.yml	5	-	-	-	0	0	0	0	0	0	0	0	0	0	0	0	0	0	0	0	0	0	0	0	0	0	0	0	0
/input/pagecontent/background.md	271	-	-	-	0	0	0	0	0	0	0	0	0	0	0	0	0	0	0	0	0	0	1	0	0	0	0	0	0
/input/pagecontent/profilemapping.md	0	-	-	-	0	0	0	0	0	0	0	0	0	0	0	0	0	0	0	0	0	0	0	0	0	0	0	0	0
/input/pagecontent/examples.md	0	-	-	-	0	0	0	0	0	0	0	0	0	0	0	0	0	0	0	0	0	0	0	0	0	0	0	0	0
/input/pagecontent/changes.xml	457	-	-	-	0	0	0	0	0	0	0	0	0	0	0	0	0	0	0	0	0	0	25	0	0	0	0	0	0
/input/pagecontent/xversion.md	0	-	-	-	0	0	0	0	0	0	0	0	0	0	0	0	0	0	0	0	0	0	0	0	0	0	0	0	0
/input/pagecontent/challenges.md	0	-	-	-	0	0	0	0	0	0	0	0	0	0	0	0	0	0	0	0	0	0	0	0	0	0	0	0	0
/input/pagecontent/usecases.md	0	-	-	-	0	0	0	0	0	0	0	0	0	0	0	0	0	0	0	0	0	0	0	0	0	0	0	0	0
/input/pagecontent/authors.md	0	-	-	-	0	0	0	0	0	0	0	0	0	0	0	0	0	0	0	0	0	0	0	0	0	0	0	0	0
/input/pagecontent/design.md	0	-	-	-	0	0	0	0	0	0	0	0	0	0	0	0	0	0	0	0	0	0	0	0	0	0	0	0	0
/input/pagecontent/references.md	0	-	-	-	0	0	0	0	0	0	0	0	0	0	0	0	0	0	0	0	0	0	0	0	0	0	0	0	0
/input/pagecontent/implementationnotes.md	1	-	-	-	0	0	0	0	0	0	0	0	0	0	0	0	0	0	0	0	0	0	0	0	0	0	0	0	0
/input/pagecontent/knownissues.md	0	-	-	-	0	0	0	0	0	0	0	0	0	0	0	0	0	0	0	0	0	0	0	0	0	0	0	0	0
/input/pagecontent/terminology.md	0	-	-	-	0	0	0	0	0	0	0	0	0	0	0	0	0	0	0	0	0	0	1	0	0	0	0	0	0
/input/pagecontent/downloads.xml	1287	-	-	-	0	0	0	0	0	0	0	0	0	0	0	0	0	0	0	0	0	0	16	0	0	0	0	0	0
/input/pagecontent/dependencies.md	0	-	-	-	0	0	0	0	0	0	0	0	0	0	0	0	0	0	0	0	0	0	0	0	0	0	0	0	0
/input/pagecontent/workflow.md	0	-	-	-	0	0	0	0	0	0	0	0	0	0	0	0	0	0	0	0	0	0	1	0	0	0	0	0	0
/input/pagecontent/logicals.md	0	-	-	-	0	0	0	0	0	0	0	0	0	0	0	0	0	0	0	0	0	0	0	0	0	0	0	0	0
/input/pagecontent/copyright.md	0	-	-	-	0	0	0	0	0	0	0	0	0	0	0	0	0	0	0	0	0	0	0	0	0	0	0	0	0
/input/pagecontent/downloads.md	0	-	-	-	0	0	0	0	0	0	0	0	0	0	0	0	0	0	0	0	0	0	0	0	0	0	0	0	0
/input/pagecontent/scope.md	0	-	-	-	0	0	0	0	0	0	0	0	0	0	0	0	0	0	0	0	0	0	0	0	0	0	0	0	0
/input/pagecontent/index.md	185	-	-	-	0	0	0	0	0	0	0	0	0	0	0	0	0	0	0	0	0	0	0	0	0	0	0	0	0
/template/config	0	-	-	-	0	0	0	0	0	0	0	0	0	0	0	0	0	0	0	0	0	0	1	0	0	0	0	0	0
/template/config/_config.yml	46	-	-	-	0	0	0	0	0	0	0	0	0	0	0	0	0	0	0	0	0	0	0	0	0	0	0	0	0
/input/images	0	-	-	-	0	0	0	0	0	0	0	0	0	0	0	0	0	0	0	0	0	0	0	0	0	0	0	0	0
/temp/pages/_includes/artifacts.xml	99270	-	-	-	-	-	-	-	-	-	-	-	-	-	-	-	-	-	-	-	-	-	8	0	0	0	0	0	0
