URL,Version,Status,OIDs,Name,Title,Description,Uses,Used,Sources
https://hl7belgium.org/profiles/fhir/terminology/ValueSet/be-vs-claim-exemption-code,1.0.0,active,,BeVSClaimExemptionCode,Claim Exemption Code,"RT50Z23 in https://www.inami.fgov.be/SiteCollectionDocuments/instructions_facturation_electronique.pdf",,"Internal"
https://hl7belgium.org/profiles/fhir/terminology/ValueSet/be-vs-claim-norm-code,1.0.0,active,,BeVSClaimNormCode,Claim Norm Code,"RT50Z3 in https://www.inami.fgov.be/SiteCollectionDocuments/instructions_facturation_electronique.pdf",,"Internal"
https://hl7belgium.org/profiles/fhir/terminology/ValueSet/be-vs-claim-transplantation-code,1.0.0,active,,BeVSClaimTransplantationCode,Claim Transplantation Code,"RT50Z48 in https://www.inami.fgov.be/SiteCollectionDocuments/instructions_facturation_electronique.pdf",,"Internal"
https://hl7belgium.org/profiles/fhir/terminology/ValueSet/be-vs-hospital-service-cd,1.0.0,active,,BeVSHospitalServiceCd,Hospital Service Code,"Annex 16.15 (2.C) in https://www.inami.fgov.be/SiteCollectionDocuments/instructions_facturation_electronique.pdf",,"Internal"
https://hl7belgium.org/profiles/fhir/terminology/ValueSet/be-vs-id-doc-input-type,1.0.0,active,,BeVSIdDocInputType,Id Doc Input Type,"RT52Z9 in https://www.inami.fgov.be/SiteCollectionDocuments/instructions_facturation_electronique.pdf",,"Internal"
https://hl7belgium.org/profiles/fhir/terminology/ValueSet/be-vs-id-doc-manual-input-justification,1.0.0,active,,BeVSIdDocManualInputJustification,Id Doc Manual Input Justification,"RT52Z3 in https://www.inami.fgov.be/SiteCollectionDocuments/instructions_facturation_electronique.pdf",,"Internal"
https://hl7belgium.org/profiles/fhir/terminology/ValueSet/be-vs-id-doc-media-type,1.0.0,active,,BeVSIdDocMediaType,Id Doc Media Type,"RT52Z10 in https://www.inami.fgov.be/SiteCollectionDocuments/instructions_facturation_electronique.pdf",,"Internal"
https://hl7belgium.org/profiles/fhir/terminology/ValueSet/be-vs-id-doc-vignette-use-justification,1.0.0,active,,BeVSIdDocVignetteUseJustification,Id Doc Vignette Use Justification,"RT52Z11 in https://www.inami.fgov.be/SiteCollectionDocuments/instructions_facturation_electronique.pdf",,"Internal"
https://hl7belgium.org/profiles/fhir/terminology/ValueSet/be-vs-requester-norm,1.0.0,active,,BeVSRequesterNorm,Prescriber Standard,"RT50Z26 in https://www.inami.fgov.be/SiteCollectionDocuments/instructions_facturation_electronique.pdf",,"Internal"
https://hl7belgium.org/profiles/fhir/terminology/ValueSet/be-vs-speech-therapy-pathology-situation-code,1.0.0,active,,BeVSSpeechTherapyPathologySituationCode,Speech Therapy Pathology Situation Code,"Texte de la nomenclature (Article 36, par. 2)",,"Internal"
https://hl7belgium.org/profiles/fhir/terminology/ValueSet/be-vs-treatment-reason,1.0.0,active,,BeVSTreatmentReason,Treatment Reason,"RT20Z17 in https://www.inami.fgov.be/SiteCollectionDocuments/instructions_facturation_electronique.pdf",,"Internal"
https://www.ehealth.fgov.be/standards/fhir/allergy/ValueSet/be-allergyintolerancecode,1.2.0,active,,BeAllergyIntoleranceCode,BeAllergyIntoleranceCode,"Allergy / intolerance codes as communicated by NIHDI and the FOD Terminology Center. This valueset supports the Belgian federal FHIR profiling effort.",,
https://www.ehealth.fgov.be/standards/fhir/allergy/ValueSet/be-causativeagent,1.2.0,active,,BeCausativeAgent,BeCausativeAgent,"Causative Agents for Allergy (non medication)",,"SCT"
https://www.ehealth.fgov.be/standards/fhir/allergy/ValueSet/be-exposureroute,1.2.0,active,,BeExposureRoute,BeExposureRoute,"Codes to illustrate differentiating types of exposure route. This valueset supports the Belgian federal FHIR profiling effort.",,"SCT"
https://www.ehealth.fgov.be/standards/fhir/allergy/ValueSet/be-noallergy,1.2.0,active,,BeNoAllergy,BeNoAllergy,"Codes as communicated by the FOD Terminology Center differentiating types of no allergies. This valueset supports the Belgian federal FHIR profiling effort.",,"SCT"
https://www.ehealth.fgov.be/standards/fhir/allergy/ValueSet/be-riskmanifestation,1.2.0,active,,BeRiskManifestation,BeRiskManifestation,"Codes as communicated by NIHDI and the FPS Terminology Center differentiating types of risk manifestation. This valueset supports the Belgian federal FHIR profiling effort.",,"SCT"
https://www.ehealth.fgov.be/standards/fhir/allergy/ValueSet/be-vs-allergyintolerance-type,1.2.0,active,,BeVSAllergyIntoleranceType,BeVSAllergyIntoleranceType,"Codes as communicated by NIHDI and the FOD Terminology Center differentiating types of allergy intolerance.",,"SCT"
https://www.ehealth.fgov.be/standards/fhir/core-clinical/ValueSet/be-vs-bodysite,1.0.0,active,,BeVSBodySite,Body Site,"Body Site",,"Internal"
https://www.ehealth.fgov.be/standards/fhir/core-clinical/ValueSet/be-vs-laterality,1.0.0,active,,BeVSLaterality,Laterality,"Laterality",,"SCT"
https://www.ehealth.fgov.be/standards/fhir/core-clinical/ValueSet/be-vs-problem-category,1.0.0,active,,BeVSProblemCategory,Problem Category,"Problem Category",,"Internal"
https://www.ehealth.fgov.be/standards/fhir/core-clinical/ValueSet/be-vs-problem-code,1.0.0,active,,BeVSProblemCode,Problem Code,"Problem Code. No Belgian standardized valueset is yet defined, this is expected   for a future iteration. Implementers are encouraged to use a codification system of their choosing.",,
https://www.ehealth.fgov.be/standards/fhir/core-clinical/ValueSet/be-vs-problem-origin-type,1.0.0,active,,BeVSProblemOriginType,Problem Origin Type,"Problem Origin Type",,"Internal"
https://www.ehealth.fgov.be/standards/fhir/core-clinical/ValueSet/be-vs-reaction-manifestation-code,1.0.0,active,,BeVSReactionManifestationCode,Reaction Manifestation Code,"Reaction Manifestation Code (Allergy - Immunization)",,"SCT"
https://www.ehealth.fgov.be/standards/fhir/core-clinical/ValueSet/be-vs-score,1.0.0,active,,BeVSScore,Score Value Set,"Codes as defined by the NIHDI. Dutch translations are expected for a next release.",,"SCT,Internal"
https://www.ehealth.fgov.be/standards/fhir/core-clinical/ValueSet/be-vs-scorecategory,1.0.0,active,,BeVSScoreCategory,Score Category Value Set,"Score Category Value Set",,"Internal"
https://www.ehealth.fgov.be/standards/fhir/core/ValueSet/be-civilstate,2.1.2,active,,BeCivilstate,BeCivilState,"Codes supported by eHealth Platform differentiating types of civil state. This valueset supports the Belgian federal FHIR profiling effort. Whenever possible add a code from http://terminology.hl7.org/CodeSystem/v3-MaritalStatus for international interoperability but also use https://www.ehealth.fgov.be/standards/fhir/core/CodeSystem/CD-CIVILSTATE for the Belgian specific code.",,"THO (V3),Internal"
https://www.ehealth.fgov.be/standards/fhir/core/ValueSet/be-contactperson,2.1.2,active,,BeContactPerson,BeContactPerson,"Maximum valuest to define category of a contact person, using the HL7 values and the Belgian CD-CONTACT-PERSON values.",,"THO (V2),Internal"
https://www.ehealth.fgov.be/standards/fhir/core/ValueSet/be-vs-care-location,2.1.2,active,,BeVSCareLocation,BeVSCareLocation,"Care Location Value Set",,"Internal"
https://www.ehealth.fgov.be/standards/fhir/core/ValueSet/be-vs-cd-hcparty,2.1.2,active,,BeVSCdHcParty,BeVSCdHcParty,"List of health care parties in Belgium",,"Internal"
https://www.ehealth.fgov.be/standards/fhir/core/ValueSet/be-vs-gender-at-birth,2.1.2,active,,BeVSGenderAtBirth,List of possible genders at birth in Belgium,"BeVSGenderAtBirth",,"hl7.fhir.r4.core"
https://www.ehealth.fgov.be/standards/fhir/core/ValueSet/be-vs-patient-relationship-type,2.1.2,draft,,BeVSPatientRelationshipType,BeVSPatientRelationshipType,"Describes the patient relationship type (the relation between the patient and the person implied)",,"SCT"
https://www.ehealth.fgov.be/standards/fhir/drp/ValueSet/be-vs-annex-81-reason-code,1.0.0,active,,BeVSAnnex81ReasonCode,BeVSAnnex81ReasonCode,"DEMONSTRATIVE EXAMPLE - Nurse diagnostics and observations giving cause to the Annex 81",,"SCT"
https://www.ehealth.fgov.be/standards/fhir/drp/ValueSet/be-vs-annex81-status-reason,1.0.0,active,,BeVSAnnex81StatusReason,BeVSAnnex81StatusReason,"DEMONSTRATIVE EXAMPLE - Status reason of the Annex 81",,"Internal"
https://www.ehealth.fgov.be/standards/fhir/drp/ValueSet/be-vs-bodysite-nursing,1.0.0,active,,BeVSBodySiteNursing,Body Site,"DEMONSTRATIVE EXAMPLE - Body Site",,"SCT"
https://www.ehealth.fgov.be/standards/fhir/drp/ValueSet/be-vs-performer-task-status-reason,1.0.0,active,,BeVSPerformerTaskStatusReason,BeVSPerformerTaskStatusReason,"DEMONSTRATIVE EXAMPLE - Codes for the current status of a referral prescription.",,"THO (V3)"
https://www.ehealth.fgov.be/standards/fhir/drp/ValueSet/be-vs-prescription-status-reason,1.0.0,active,,BeVSPrescriptionStatusReason,BeVSPrescriptionStatusReason,"DEMONSTRATIVE EXAMPLE - Reasons for the status of the prescription",,"Internal"
https://www.ehealth.fgov.be/standards/fhir/drp/ValueSet/be-vs-referral-category,1.0.0,active,,BeReferralCategory,BeReferralCategory,"DEMONSTRATIVE EXAMPLE - Codes to define the high level category for a referral prescription. SNOMED-CT codes in this valueset are just a draft proposal to give a general idea - pending an official valueset.",,"SCT"
https://www.ehealth.fgov.be/standards/fhir/drp/ValueSet/be-vs-request-intent,1.0.0,active,,BeVSRequestIntent,BeVSRequestIntent,"DEMONSTRATIVE EXAMPLE - The allowed intent codes in the context of referral prescription",,"hl7.fhir.r4.core"
https://www.ehealth.fgov.be/standards/fhir/drp/ValueSet/be-vs-request-note-type,1.0.0,active,,BeVSRequestNoteType,BeVSRequestNoteType,"DEMONSTRATIVE EXAMPLE - Types of notes used in a referral prescription",,"SCT"
https://www.ehealth.fgov.be/standards/fhir/drp/ValueSet/be-vs-requested-services-nurse,1.0.0,active,,BeVSRequestedServicesNurse,BeVSRequestedServicesNurse,"DEMONSTRATIVE EXAMPLE - Codes indicating the requests that can be asked from a nurse.",,"SCT,Internal"
https://www.ehealth.fgov.be/standards/fhir/drp/ValueSet/be-vs-requested-services-nurse-detail,1.0.0,active,,BeVSRequestedServicesNurseDetail,BeVSRequestedServicesNurseDetail,"DEMONSTRATIVE EXAMPLE - Codes indicating the request details that can be asked from a nurse.",,"SCT,Internal"
https://www.ehealth.fgov.be/standards/fhir/drp/ValueSet/be-vs-task-intent,1.0.0,active,,BeVSTaskIntent,BeVSTaskIntent,"DEMONSTRATIVE EXAMPLE - The allowed intent codes in the context of tasks in the field of referral prescriptions",,"hl7.fhir.r4.core"
https://www.ehealth.fgov.be/standards/fhir/drp/ValueSet/be-vs-treatment-status-reason,1.0.0,active,,BeVSTreatmentStatusReason,BeVSTreatmentStatusReason,"DEMONSTRATIVE EXAMPLE - Codes for the current status of a treatment in a referral prescription.",,"Internal"
https://www.ehealth.fgov.be/standards/fhir/infsec/ValueSet/be-vs-pseudonymization-type,1.2.0,active,,BeVSPseudonymizationType,Types of pseudonymization,"The technique used for pseudonymization",,"Internal"
https://www.ehealth.fgov.be/standards/fhir/lab/ValueSet/be-vs-coded-annotation-types,1.0.0,active,,BeVSCodedAnnotationTypes,Coded Annotation Types,"Value Set for specific types of coded annotations",,"Internal"
https://www.ehealth.fgov.be/standards/fhir/medication/ValueSet/BeMedicationExposureIntentVS,1.1.0,active,,BeMedicationExposureIntentVS,Medication exposure intent,"The exposure purpose of a medication - whether the medication is given for therapeutic or prophylactic purposes.",,"SCT"
https://www.ehealth.fgov.be/standards/fhir/medication/ValueSet/BeMedicationLineAdherenceStatusReasonVS,1.1.0,active,,BeMedicationLineAdherenceStatusReasonVS,Adherence Status Reason ValueSet,"ValueSet containing reasons for non-adherence to a treatment or intervention.",,"Internal"
https://www.ehealth.fgov.be/standards/fhir/medication/ValueSet/BeMedicationLineAdherenceStatusVS,1.1.0,draft,,BeMedicationLineAdherenceStatusVS,BeExtAdherenceStatus,"The status of taking the medication.",,"Internal"
https://www.ehealth.fgov.be/standards/fhir/medication/ValueSet/BeMedicationLineOriginTypeVS,1.1.0,active,,BeMedicationLineOriginTypeVS,Medication origin type value set,"Medication origin type value set",,"Internal"
https://www.ehealth.fgov.be/standards/fhir/medication/ValueSet/BeMedicationLineRegistrationStatusVS,1.1.0,active,,BeMedicationLineRegistrationStatusVS,Medication Line Registration Status Value Set,"This value set includes the registration statuses for medication lines.",,"Internal"
https://www.ehealth.fgov.be/standards/fhir/medication/ValueSet/BeMedicationPrescriptionStatusVS,1.1.0,active,,BeMedicationPrescriptionStatusVS,Medication Prescription Status,"Medication prescription status codes.",,"hl7.fhir.r4.core"
https://www.ehealth.fgov.be/standards/fhir/medication/ValueSet/BeMedicationRequestReimbursementTypeVS,1.1.0,active,,BeMedicationRequestReimbursementTypeVS,Medication request reimbursement type ValueSet,"Medication request reimbursement type - instructions for reimbursement of the medication request",,"Internal"
https://www.ehealth.fgov.be/standards/fhir/medication/ValueSet/BeMedicationTypeVS,1.1.0,active,,BeMedicationTypeVS,Medication preparation Type value set,"Medication preparation type value set",,"Internal"
https://www.ehealth.fgov.be/standards/fhir/medication/ValueSet/BeRouteOfAdministrationVS,1.1.0,active,,BeRouteOfAdministrationVS,Route of Administration ValueSet,"This ValueSet contains codes for the route of administration of medications. It is used to specify how a medication is administered to a patient, such as orally, intravenously, or topically.",,"SCT"
https://www.ehealth.fgov.be/standards/fhir/medication/ValueSet/be-vs-dispenser-types,1.1.0,draft,,DispenserTypes,Dispenser Types,"Dispenser Types - from hcparty",,"Internal"
https://www.ehealth.fgov.be/standards/fhir/mycarenet/ValueSet/be-vs-basic-laterality,2.1.2,active,,BeVSBasicLaterality,Basic Laterality,"Basic Laterality as requested by CIN-NIC, subset of be-vs-body-laterality",,"SCT"
https://www.ehealth.fgov.be/standards/fhir/mycarenet/ValueSet/be-vs-decision-values,2.1.2,active,,BeVSDecisionValues,Mycarenet Decision Values,"Values indicating the type of decision. These values were delivered by the  NIC(Nationaal Intermutualistisch College)/CIN(Collège Intermutualiste National.)",,"Internal"
https://www.ehealth.fgov.be/standards/fhir/mycarenet/ValueSet/be-vs-eagreementerrors,2.1.2,active,,BeVSEagreementErrors,EAgreement errors,"Errors in the EAgreement flow",,"Internal"
https://www.ehealth.fgov.be/standards/fhir/mycarenet/ValueSet/be-vs-holder-code-1,2.1.2,active,,BeVSHolderCode1,BeVSHolderCode1,"see http://www.securimed.eu/fr/tiers-payant/codes-dassurabilite",,"Internal"
https://www.ehealth.fgov.be/standards/fhir/mycarenet/ValueSet/be-vs-holder-code-2,2.1.2,active,,BeVSHolderCode2,BeVSHolderCode2,"see http://www.securimed.eu/fr/tiers-payant/codes-dassurabilite",,"Internal"
https://www.ehealth.fgov.be/standards/fhir/mycarenet/ValueSet/be-vs-toothnumber-bodysite,2.1.2,active,,BeVSToothNumberBodySite,Tooth Number Body Site,"Tooth Number Body Site",,"SCT"
https://www.ehealth.fgov.be/standards/fhir/mycarenet/ValueSet/eagreementadjudicationreason,2.1.2,active,,BeEAgreementAdjudicationReason,ValueSet adjudication reason,"Codes for use to describe eAgreement adjudication reasons in the MyCareNet eAgreement flows.",,"Internal"
https://www.ehealth.fgov.be/standards/fhir/mycarenet/ValueSet/eagreementmessage,2.1.2,active,,BeMessageEAgreement,ValueSet message,"Codes for use to describe eAgreement messages in the MyCareNet eAgreement flows.",,"Internal,hl7.fhir.r4.core"
https://www.ehealth.fgov.be/standards/fhir/mycarenet/ValueSet/eagreementproductorservice,2.1.2,active,,BeProductOrServiceNihdiEAgreement,ValueSet product or service,"NIHDI codes for use to describe eAgreement products or services in the MyCareNet eAgreement flows.",,"Internal"
https://www.ehealth.fgov.be/standards/fhir/patientwill/ValueSet/be-vs-patientwill-category,1.0.0,active,,BeVSPatientWillCategory,Patient Will Category,"Patient will category Value Set",,"Internal"
https://www.ehealth.fgov.be/standards/fhir/patientwill/ValueSet/be-vs-patientwill-code,1.0.0,active,,BeVSPatientWillCode,Patient Will code Value Set,"Patient Will code Value Set",,"Internal"
https://www.ehealth.fgov.be/standards/fhir/patientwill/ValueSet/be-vs-patientwill-scope,1.0.0,active,,BeVSPatientWillScope,BeVSPatientWillScope,"Patient Will scope Value Set",,"SCT"
https://www.ehealth.fgov.be/standards/fhir/pss/ValueSet/BacterialCodes,1.0.0,active,"2.16.840.1.113883.2.51.22.2.48.1",BacterialCodes,Bacterial Codes,"Bacterial Codes",,"SCT"
https://www.ehealth.fgov.be/standards/fhir/pss/ValueSet/CandidaCodes,1.0.0,active,"2.16.840.1.113883.2.51.22.2.48.2",CandidaCodes,Candida Codes,"Candida Codes",,"SCT"
https://www.ehealth.fgov.be/standards/fhir/pss/ValueSet/ChlamydiaCodes,1.0.0,active,"2.16.840.1.113883.2.51.22.2.48.3",ChlamydiaCodes,Chlamydia Codes,"Chlamydia Codes",,"SCT,FHIR"
https://www.ehealth.fgov.be/standards/fhir/pss/ValueSet/CompromisedImmuneSystemCodes,1.0.0,active,"2.16.840.1.113883.2.51.22.2.48.4",CompromisedImmuneSystemCodes,CompromisedImmuneSystem Codes,"CompromisedImmuneSystem Codes",,"SCT,FHIR"
https://www.ehealth.fgov.be/standards/fhir/pss/ValueSet/GonokokCodes,1.0.0,active,"2.16.840.1.113883.2.51.22.2.48.5",GonokokCodes,Gonokok Codes,"Gonokok Codes",,"SCT,FHIR"
https://www.ehealth.fgov.be/standards/fhir/pss/ValueSet/MycoplasmaCodes,1.0.0,active,"2.16.840.1.113883.2.51.22.2.48.6",MycoplasmaCodes,Mycoplasma Codes,"Mycoplasma Codes",,"SCT"
https://www.ehealth.fgov.be/standards/fhir/pss/ValueSet/OncologyPatientCodes,1.0.0,active,"2.16.840.1.113883.2.51.22.2.48.7",OncologyPatientCodes,OncologyPatient Codes,"OncologyPatient Codes",,"SCT,FHIR"
https://www.ehealth.fgov.be/standards/fhir/pss/ValueSet/OtherCodes,1.0.0,active,"2.16.840.1.113883.2.51.22.2.48.8",OtherCodes,Other Codes,"Other Codes",,"SCT"
https://www.ehealth.fgov.be/standards/fhir/pss/ValueSet/PSSRatingTypesVS,1.0.0,active,"2.16.840.1.113883.2.51.22.2.48.9",PSSRatingTypesVS,Types of rating provided by the PSS system,"ValueSet - Types of rating provided by the PSS system",,"Internal"
https://www.ehealth.fgov.be/standards/fhir/pss/ValueSet/PregnancyCodes,1.0.0,active,"2.16.840.1.113883.2.51.22.2.48.10",PregnancyCodes,Pregnancy Codes,"Pregnancy Codes - used for EHRs to consider pregnancy status",,"SCT,FHIR"
https://www.ehealth.fgov.be/standards/fhir/pss/ValueSet/TrichomonasCodes,1.0.0,active,"2.16.840.1.113883.2.51.22.2.48.11",TrichomonasCodes,Trichomonas Codes,"Trichomonas Codes",,"SCT"
https://www.ehealth.fgov.be/standards/fhir/public-health/ValueSet/BeVSPopulationScreeningFollowUpAdvice,1.0.3,active,,BeVSPopulationScreeningFollowUpAdvice,Population Screening Follow-up Advice Value Set,"Possible follow up actions",,"SCT"
https://www.ehealth.fgov.be/standards/fhir/public-health/ValueSet/be-populationscreening-result-vs,1.0.3,active,,BePopulationScreeningResultVS,PopulationScreening Result Value Set,"Result",,"SCT"
https://www.ehealth.fgov.be/standards/fhir/public-health/ValueSet/be-vs-populationscreening-next-invitation-type,1.0.3,active,,BeVSPopulationScreeningNextInvitationType,Population Screening Next Invitation Type Value Set,"Value Set containing the codes for the type of the next invitation (or exclusion of next invitation)",,"Internal"
https://www.ehealth.fgov.be/standards/fhir/public-health/ValueSet/be-vs-populationscreening-type,1.0.3,active,,BeVSPopulationScreeningType,Population Screening Type Value Set,"Value Set with the codes for the type of screening",,"SCT"
https://www.ehealth.fgov.be/standards/fhir/public-health/ValueSet/be-vspopulationscreening-body-site-location,1.0.3,active,,BeVSPopulationScreeningBodySiteLocation,PopulationScreening Body Site Value Set,"Body site or location on body",,"SCT"
https://www.ehealth.fgov.be/standards/fhir/vaccination/ValueSet/be-vs-vaccination-administration-route,1.1.2,draft,,BeVSVaccineAdministrationRoute,BeVSVaccineAdministrationRoute,"Vaccine Administration Route",,"THO (V3),Internal"
https://www.ehealth.fgov.be/standards/fhir/vaccination/ValueSet/be-vs-vaccination-bodysite,1.1.2,draft,,BeVSVaccinationBodySite,BeVSVaccinationBodySite,"Vaccination Body Site Value Set",,"SCT"
https://www.ehealth.fgov.be/standards/fhir/vaccination/ValueSet/be-vs-vaccination-confirmation-status,1.1.2,draft,,BeVSVaccinationConfirmationStatus,BeVSVaccinationConfirmationStatus,"Vaccination status Value Set",,"Internal"
https://www.ehealth.fgov.be/standards/fhir/vaccination/ValueSet/be-vs-vaccination-product,1.1.2,draft,,BeVSVaccinationProduct,BeVSVaccinationProduct,"Vaccination Product Value Set",,
https://www.ehealth.fgov.be/standards/fhir/vaccination/ValueSet/be-vs-vaccination-reason-code,1.1.2,draft,,BeVSVaccinationReasonCode,BeVSVaccinationReasonCode,"Vaccination reason code Value Set - the reasons for an vaccination",,"SCT"
https://www.ehealth.fgov.be/standards/fhir/vaccination/ValueSet/be-vs-vaccination-status-reason,1.1.2,draft,,BeVSVaccinationStatusReason,BeVSVaccinationStatusReason,"Vaccination status reason Value Set - the reasons for an vaccination status - typically representing the reason why a vaccination is not performed",,"THO (V3),Internal"
https://www.ehealth.fgov.be/standards/fhir/vaccination/ValueSet/be-vs-vaccine-code,1.1.2,active,,BeVSVaccineCode,BeVSVaccineCode,"Vaccine Code Value Set - the types of vaccines that are administered in Belgium",,"SCT,Internal"
https://www.ehealth.fgov.be/standards/fhir/vaccination/ValueSet/be-vs-vaccine-target-disease,1.1.2,draft,,BeVSVaccineTargetDisease,BeVSVaccineTargetDisease,"Vaccine Target Disease Value Set - the types of diseases that targeted by the vaccines",,"Internal"
