<?xml version="1.0" encoding="UTF-8"?>

<CodeSystem xmlns="http://hl7.org/fhir">
  <id value="cd-fed-country"/>
  <text>
    <status value="generated"/><div xmlns="http://www.w3.org/1999/xhtml"><p class="res-header-id"><b>Generated Narrative: CodeSystem cd-fed-country</b></p><a name="cd-fed-country"> </a><a name="hccd-fed-country"> </a><p>This case-sensitive code system <code>https://www.ehealth.fgov.be/standards/fhir/core/CodeSystem/cd-fed-country</code> provides <b>a fragment</b> that includes following code:</p><table class="codes"><tr><td style="white-space:nowrap"><b>Code</b></td><td><b>Display</b></td></tr><tr><td style="white-space:nowrap">BE<a name="cd-fed-country-BE"> </a></td><td>Belgium</td></tr></table></div>
  </text>
  <url value="https://www.ehealth.fgov.be/standards/fhir/core/CodeSystem/cd-fed-country"/>
  <version value="1.0.0"/>
  <name value="Cdfedcountry"/>
  <title value="BeCdFedCountry"/>
  <status value="active"/>
  <experimental value="false"/>
  <date value="2020-09-25T13:06:43+02:00"/>
  <publisher value="My Organization"/>
  <contact>
    <name value="My Organization"/>
    <telecom>
      <system value="url"/>
      <value value="http://example.com/committees"/>
    </telecom>
    <telecom>
      <system value="email"/>
      <value value="my-group@example.com"/>
    </telecom>
  </contact>
  <contact>
    <name value="Bob Smith"/>
    <telecom>
      <system value="email"/>
      <value value="bobsmith@example.com"/>
      <use value="work"/>
    </telecom>
  </contact>
  <description value="FedICT country codes."/>
  <jurisdiction>
    <coding>
      <system value="http://unstats.un.org/unsd/methods/m49/m49.htm"/>
      <code value="001"/>
      <display value="World"/>
    </coding>
  </jurisdiction>
  <caseSensitive value="true"/>
  <content value="fragment"/>
  <concept>
    <code value="BE"/>
    <display value="Belgium"/>
  </concept>
</CodeSystem>