<?xml version="1.0" encoding="UTF-8"?>

<NamingSystem xmlns="http://hl7.org/fhir">
  <id value="be-ns-retam"/>
  <text>
    <status value="generated"/><div xmlns="http://www.w3.org/1999/xhtml"><p class="res-header-id"><b>Generated Narrative: NamingSystem be-ns-retam</b></p><a name="be-ns-retam"> </a><a name="hcbe-ns-retam"> </a><h3>Summary</h3><table class="grid"><tr><td>Defining URL</td><td>https://hl7belgium.org/profiles/fhir/terminology/NamingSystem/be-ns-retam</td></tr><tr><td>Version</td><td>1.0.0</td></tr><tr><td>Name</td><td>BeRetam</td></tr><tr><td>Status</td><td>active</td></tr><tr><td>Definition</td><td><div><p>Retam code (Belgian subset of LOINC + Albert Code)</p>
</div></td></tr><tr><td>Publisher</td><td>My Organization</td></tr></table><h3>Identifiers</h3><table class="grid"><tr><td><b>Type</b></td><td><b>Value</b></td><td><b>Preferred</b></td></tr><tr><td>URI</td><td>https://www.ehealth.fgov.be/standards/kmehr/en/page/retam-exports</td><td>true</td></tr></table></div>
  </text>
  <extension url="http://hl7.org/fhir/5.0/StructureDefinition/extension-NamingSystem.url">
    <valueUri value="https://hl7belgium.org/profiles/fhir/terminology/NamingSystem/be-ns-retam"/>
  </extension>
  <extension url="http://hl7.org/fhir/5.0/StructureDefinition/extension-NamingSystem.version">
    <valueString value="1.0.0"/>
  </extension>
  <name value="BeRetam"/>
  <status value="active"/>
  <kind value="identifier"/>
  <date value="2021-11-17"/>
  <publisher value="My Organization"/>
  <contact>
    <name value="My Organization"/>
    <telecom>
      <system value="url"/>
      <value value="http://example.com/committees"/>
    </telecom>
    <telecom>
      <system value="email"/>
      <value value="my-group@example.com"/>
    </telecom>
  </contact>
  <contact>
    <name value="Bob Smith"/>
    <telecom>
      <system value="email"/>
      <value value="bobsmith@example.com"/>
      <use value="work"/>
    </telecom>
  </contact>
  <description value="Retam code (Belgian subset of LOINC + Albert Code) "/>
  <jurisdiction>
    <coding>
      <system value="http://unstats.un.org/unsd/methods/m49/m49.htm"/>
      <code value="001"/>
      <display value="World"/>
    </coding>
  </jurisdiction>
  <uniqueId>
    <type value="uri"/>
    <value value="https://www.ehealth.fgov.be/standards/kmehr/en/page/retam-exports"/>
    <preferred value="true"/>
  </uniqueId>
</NamingSystem>