{
  "resourceType" : "ValueSet",
  "id" : "be-riskmanifestation",
  "text" : {
    "status" : "generated",
    "div" : "<div xmlns=\"http://www.w3.org/1999/xhtml\"><p class=\"res-header-id\"><b>Generated Narrative: ValueSet be-riskmanifestation</b></p><a name=\"be-riskmanifestation\"> </a><a name=\"hcbe-riskmanifestation\"> </a><ul><li>Include these codes as defined in <a href=\"http://www.snomed.org/\"><code>http://snomed.info/sct</code></a> version <span title=\"Version is not explicity stated. No matching Code System found\">Not Stated (use latest from terminology server)</span><table class=\"none\"><tr><td style=\"white-space:nowrap\"><b>Code</b></td><td><b>Display</b></td><td><b>French (Belgium) (fr)</b></td><td><b>Nederlands (België) (Dutch (Belgium), nl)</b></td><td><b>English (English, en)</b></td></tr><tr><td><a href=\"http://snomed.info/id/39579001\">39579001</a></td><td>Anaphylaxis</td><td>Anaphylaxie</td><td>Anafylaxie</td><td>Anaphylaxis</td></tr><tr><td><a href=\"http://snomed.info/id/735173007\">735173007</a></td><td>Anaphylactic shock</td><td>Choc anaphylactique</td><td>Anafylactische shock</td><td>Anaphylactic shock</td></tr><tr><td><a href=\"http://snomed.info/id/41291007\">41291007</a></td><td>Angio-oedema</td><td>Angiœdème / œdème de Quincke</td><td>Angio-oedeem</td><td>Angio-oedema</td></tr><tr><td><a href=\"http://snomed.info/id/410430005\">410430005</a></td><td>Cardiorespiratory arrest</td><td>Arrêt cardiorespiratoire</td><td>Cardiorespiratoire stilstand</td><td>Cardiorespiratory arrest</td></tr><tr><td><a href=\"http://snomed.info/id/698247007\">698247007</a></td><td>Cardiac arrhythmia</td><td>Arythmie cardiaque</td><td>Hartritmestoornis / Aritmie</td><td>Cardiac arrhythmia</td></tr><tr><td><a href=\"http://snomed.info/id/195967001\">195967001</a></td><td>Asthma</td><td>Asthme</td><td>Astma</td><td>Asthma</td></tr><tr><td><a href=\"http://snomed.info/id/4386001\">4386001</a></td><td>Bronchospasm</td><td>Bronchospasme</td><td>Bronchospasme</td><td>Bronchospasm</td></tr><tr><td><a href=\"http://snomed.info/id/9826008\">9826008</a></td><td>Conjunctivitis</td><td>Conjonctivite</td><td>Conjunctivitis</td><td>Conjunctivitis</td></tr><tr><td><a href=\"http://snomed.info/id/91175000\">91175000</a></td><td>Seizure</td><td>Convulsion</td><td>Convulsie / Stuip</td><td>Seizure</td></tr><tr><td><a href=\"http://snomed.info/id/40275004\">40275004</a></td><td>Contact dermatitis</td><td>Dermatite de contact</td><td>Contactdermatitis</td><td>Contact dermatitis</td></tr><tr><td><a href=\"http://snomed.info/id/62315008\">62315008</a></td><td>Diarrhoea</td><td>Diarrhée</td><td>Diarree</td><td>Diarrhoea</td></tr><tr><td><a href=\"http://snomed.info/id/267036007\">267036007</a></td><td>Dyspnea</td><td>Dyspnée</td><td>Kortademigheid / Dyspneu</td><td>Dyspnea</td></tr><tr><td><a href=\"http://snomed.info/id/43116000\">43116000</a></td><td>Eczema</td><td>Eczéma</td><td>Eczeem</td><td>Eczema</td></tr><tr><td><a href=\"http://snomed.info/id/271759003\">271759003</a></td><td>Bullous eruption</td><td>Eruption bulleuse</td><td>Bulleuse huideruptie</td><td>Bullous eruption</td></tr><tr><td><a href=\"http://snomed.info/id/247472004\">247472004</a></td><td>Weal</td><td>Éruption urticaire</td><td>Urticaire rash</td><td>Weal</td></tr><tr><td><a href=\"http://snomed.info/id/271807003\">271807003</a></td><td>Rash / Eruption</td><td>Éruption cutanée</td><td>Exantheem / huideruptie</td><td>Rash / Eruption</td></tr><tr><td><a href=\"http://snomed.info/id/271757001\">271757001</a></td><td>Papular eruption</td><td>Eruption papuleuse</td><td>Papuleuze eruptie</td><td>Papular eruption</td></tr><tr><td><a href=\"http://snomed.info/id/297942002\">297942002</a></td><td>Drug-induced erythema multiforme</td><td>Érythème polymorphe d'origine médicamenteuse</td><td>Erythema multiforme door geneesmiddel</td><td>Drug-induced erythema multiforme</td></tr><tr><td><a href=\"http://snomed.info/id/76067001\">76067001</a></td><td>Sneezing</td><td>Eternuement</td><td>Niezen</td><td>Sneezing</td></tr><tr><td><a href=\"http://snomed.info/id/386661006\">386661006</a></td><td>Fever</td><td>Fièvre</td><td>Koorts</td><td>Fever</td></tr><tr><td><a href=\"http://snomed.info/id/45007003\">45007003</a></td><td>Low blood pressure  / hypotension</td><td>Hypotension</td><td>Hypotensie</td><td>Low blood pressure  / hypotension</td></tr><tr><td><a href=\"http://snomed.info/id/422587007\">422587007</a></td><td>Nausea</td><td>Nausée</td><td>Misselijkheid</td><td>Nausea</td></tr><tr><td><a href=\"http://snomed.info/id/768962006\">768962006</a></td><td>TEN - toxic epidermal necrolysis / lyell syndrome</td><td>Syndrome de Lyell</td><td>Syndroom van Lyell</td><td>TEN - toxic epidermal necrolysis / lyell syndrome</td></tr><tr><td><a href=\"http://snomed.info/id/51599000\">51599000</a></td><td>Oedema of larynx</td><td>Œdème du larynx</td><td>Oedeem van larynx</td><td>Oedema of larynx</td></tr><tr><td><a href=\"http://snomed.info/id/23924001\">23924001</a></td><td>Tight chest</td><td>Oppression thoracique</td><td>Drukkend gevoel op de borst</td><td>Tight chest</td></tr><tr><td><a href=\"http://snomed.info/id/418363000\">418363000</a></td><td>Itching of skin</td><td>Prurit de la peau</td><td>Jeuk van huid</td><td>Itching of skin</td></tr><tr><td><a href=\"http://snomed.info/id/70076002\">70076002</a></td><td>Rhinitis</td><td>Rhinite</td><td>Rinitis</td><td>Rhinitis</td></tr><tr><td><a href=\"http://snomed.info/id/162290004\">162290004</a></td><td>Dry eyes</td><td>Sécheresse oculaire</td><td>Droge ogen</td><td>Dry eyes</td></tr><tr><td><a href=\"http://snomed.info/id/73442001\">73442001</a></td><td>Stevens-Johnson syndrome</td><td>Syndrome de Stevens-Johnson</td><td>Syndroom van Stevens-Johnson</td><td>Stevens-Johnson syndrome</td></tr><tr><td><a href=\"http://snomed.info/id/49727002\">49727002</a></td><td>Cough</td><td>Toux</td><td>Bevindingen over hoesten</td><td>Cough</td></tr><tr><td><a href=\"http://snomed.info/id/126485001\">126485001</a></td><td>Urticaria</td><td>Urticaire</td><td>Urticaria</td><td>Urticaria</td></tr><tr><td><a href=\"http://snomed.info/id/31996006\">31996006</a></td><td>Vasculitis</td><td>Vascularite</td><td>Vasculitis</td><td>Vasculitis</td></tr><tr><td><a href=\"http://snomed.info/id/1985008\">1985008</a></td><td>Vomitus</td><td>Vomissement</td><td>Braaksel</td><td>Vomitus</td></tr><tr><td><a href=\"http://snomed.info/id/404684003\">404684003</a></td><td>Clinical Finding</td><td>Constatation Clinique</td><td>Klinische bevinding</td><td>Clinical Finding</td></tr></table></li></ul></div>"
  },
  "extension" : [{
    "url" : "http://hl7.org/fhir/StructureDefinition/structuredefinition-fmm",
    "valueInteger" : 1
  }],
  "url" : "https://www.ehealth.fgov.be/standards/fhir/allergy/ValueSet/be-riskmanifestation",
  "version" : "1.0.0",
  "name" : "BeRiskManifestation",
  "title" : "BeRiskManifestation",
  "status" : "active",
  "experimental" : false,
  "date" : "2023-12-18T12:02:54+01:00",
  "publisher" : "My Organization",
  "contact" : [{
    "name" : "My Organization",
    "telecom" : [{
      "system" : "url",
      "value" : "http://example.com/committees"
    },
    {
      "system" : "email",
      "value" : "my-group@example.com"
    }]
  },
  {
    "name" : "Bob Smith",
    "telecom" : [{
      "system" : "email",
      "value" : "bobsmith@example.com",
      "use" : "work"
    }]
  }],
  "description" : "Codes as communicated by NIHDI and the FPS Terminology Center differentiating types of risk manifestation. This valueset supports the Belgian federal FHIR profiling effort.",
  "jurisdiction" : [{
    "coding" : [{
      "system" : "http://unstats.un.org/unsd/methods/m49/m49.htm",
      "code" : "001",
      "display" : "World"
    }]
  }],
  "compose" : {
    "include" : [{
      "system" : "http://snomed.info/sct",
      "concept" : [{
        "code" : "39579001",
        "display" : "Anaphylaxis",
        "designation" : [{
          "language" : "fr-BE",
          "value" : "Anaphylaxie"
        },
        {
          "language" : "nl-BE",
          "value" : "Anafylaxie"
        },
        {
          "language" : "en",
          "value" : "Anaphylaxis"
        }]
      },
      {
        "code" : "735173007",
        "display" : "Anaphylactic shock",
        "designation" : [{
          "language" : "fr-BE",
          "value" : "Choc anaphylactique"
        },
        {
          "language" : "nl-BE",
          "value" : "Anafylactische shock"
        },
        {
          "language" : "en",
          "value" : "Anaphylactic shock"
        }]
      },
      {
        "code" : "41291007",
        "display" : "Angio-oedema",
        "designation" : [{
          "language" : "fr-BE",
          "value" : "Angiœdème / œdème de Quincke"
        },
        {
          "language" : "nl-BE",
          "value" : "Angio-oedeem"
        },
        {
          "language" : "en",
          "value" : "Angio-oedema"
        }]
      },
      {
        "code" : "410430005",
        "display" : "Cardiorespiratory arrest",
        "designation" : [{
          "language" : "fr-BE",
          "value" : "Arrêt cardiorespiratoire"
        },
        {
          "language" : "nl-BE",
          "value" : "Cardiorespiratoire stilstand"
        },
        {
          "language" : "en",
          "value" : "Cardiorespiratory arrest"
        }]
      },
      {
        "code" : "698247007",
        "display" : "Cardiac arrhythmia",
        "designation" : [{
          "language" : "fr-BE",
          "value" : "Arythmie cardiaque"
        },
        {
          "language" : "nl-BE",
          "value" : "Hartritmestoornis / Aritmie"
        },
        {
          "language" : "en",
          "value" : "Cardiac arrhythmia"
        }]
      },
      {
        "code" : "195967001",
        "display" : "Asthma",
        "designation" : [{
          "language" : "fr-BE",
          "value" : "Asthme"
        },
        {
          "language" : "nl-BE",
          "value" : "Astma"
        },
        {
          "language" : "en",
          "value" : "Asthma"
        }]
      },
      {
        "code" : "4386001",
        "display" : "Bronchospasm",
        "designation" : [{
          "language" : "fr-BE",
          "value" : "Bronchospasme"
        },
        {
          "language" : "nl-BE",
          "value" : "Bronchospasme"
        },
        {
          "language" : "en",
          "value" : "Bronchospasm"
        }]
      },
      {
        "code" : "9826008",
        "display" : "Conjunctivitis",
        "designation" : [{
          "language" : "fr-BE",
          "value" : "Conjonctivite"
        },
        {
          "language" : "nl-BE",
          "value" : "Conjunctivitis"
        },
        {
          "language" : "en",
          "value" : "Conjunctivitis"
        }]
      },
      {
        "code" : "91175000",
        "display" : "Seizure",
        "designation" : [{
          "language" : "fr-BE",
          "value" : "Convulsion"
        },
        {
          "language" : "nl-BE",
          "value" : "Convulsie / Stuip"
        },
        {
          "language" : "en",
          "value" : "Seizure"
        }]
      },
      {
        "code" : "40275004",
        "display" : "Contact dermatitis",
        "designation" : [{
          "language" : "fr-BE",
          "value" : "Dermatite de contact"
        },
        {
          "language" : "nl-BE",
          "value" : "Contactdermatitis"
        },
        {
          "language" : "en",
          "value" : "Contact dermatitis"
        }]
      },
      {
        "code" : "62315008",
        "display" : "Diarrhoea",
        "designation" : [{
          "language" : "fr-BE",
          "value" : "Diarrhée"
        },
        {
          "language" : "nl-BE",
          "value" : "Diarree"
        },
        {
          "language" : "en",
          "value" : "Diarrhoea"
        }]
      },
      {
        "code" : "267036007",
        "display" : "Dyspnea",
        "designation" : [{
          "language" : "fr-BE",
          "value" : "Dyspnée"
        },
        {
          "language" : "nl-BE",
          "value" : "Kortademigheid / Dyspneu"
        },
        {
          "language" : "en",
          "value" : "Dyspnea"
        }]
      },
      {
        "code" : "43116000",
        "display" : "Eczema",
        "designation" : [{
          "language" : "fr-BE",
          "value" : "Eczéma"
        },
        {
          "language" : "nl-BE",
          "value" : "Eczeem"
        },
        {
          "language" : "en",
          "value" : "Eczema"
        }]
      },
      {
        "code" : "271759003",
        "display" : "Bullous eruption",
        "designation" : [{
          "language" : "fr-BE",
          "value" : "Eruption bulleuse"
        },
        {
          "language" : "nl-BE",
          "value" : "Bulleuse huideruptie"
        },
        {
          "language" : "en",
          "value" : "Bullous eruption"
        }]
      },
      {
        "code" : "247472004",
        "display" : "Weal",
        "designation" : [{
          "language" : "fr-BE",
          "value" : "Éruption urticaire"
        },
        {
          "language" : "nl-BE",
          "value" : "Urticaire rash"
        },
        {
          "language" : "en",
          "value" : "Weal"
        }]
      },
      {
        "code" : "271807003",
        "display" : "Rash / Eruption",
        "designation" : [{
          "language" : "fr-BE",
          "value" : "Éruption cutanée"
        },
        {
          "language" : "nl-BE",
          "value" : "Exantheem / huideruptie"
        },
        {
          "language" : "en",
          "value" : "Rash / Eruption"
        }]
      },
      {
        "code" : "271757001",
        "display" : "Papular eruption",
        "designation" : [{
          "language" : "fr-BE",
          "value" : "Eruption papuleuse"
        },
        {
          "language" : "nl-BE",
          "value" : "Papuleuze eruptie"
        },
        {
          "language" : "en",
          "value" : "Papular eruption"
        }]
      },
      {
        "code" : "297942002",
        "display" : "Drug-induced erythema multiforme",
        "designation" : [{
          "language" : "fr-BE",
          "value" : "Érythème polymorphe d'origine médicamenteuse"
        },
        {
          "language" : "nl-BE",
          "value" : "Erythema multiforme door geneesmiddel"
        },
        {
          "language" : "en",
          "value" : "Drug-induced erythema multiforme"
        }]
      },
      {
        "code" : "76067001",
        "display" : "Sneezing",
        "designation" : [{
          "language" : "fr-BE",
          "value" : "Eternuement"
        },
        {
          "language" : "nl-BE",
          "value" : "Niezen"
        },
        {
          "language" : "en",
          "value" : "Sneezing"
        }]
      },
      {
        "code" : "386661006",
        "display" : "Fever",
        "designation" : [{
          "language" : "fr-BE",
          "value" : "Fièvre"
        },
        {
          "language" : "nl-BE",
          "value" : "Koorts"
        },
        {
          "language" : "en",
          "value" : "Fever"
        }]
      },
      {
        "code" : "45007003",
        "display" : "Low blood pressure  / hypotension",
        "designation" : [{
          "language" : "fr-BE",
          "value" : "Hypotension"
        },
        {
          "language" : "nl-BE",
          "value" : "Hypotensie"
        },
        {
          "language" : "en",
          "value" : "Low blood pressure  / hypotension"
        }]
      },
      {
        "code" : "422587007",
        "display" : "Nausea",
        "designation" : [{
          "language" : "fr-BE",
          "value" : "Nausée"
        },
        {
          "language" : "nl-BE",
          "value" : "Misselijkheid"
        },
        {
          "language" : "en",
          "value" : "Nausea"
        }]
      },
      {
        "code" : "768962006",
        "display" : "TEN - toxic epidermal necrolysis / lyell syndrome",
        "designation" : [{
          "language" : "fr-BE",
          "value" : "Syndrome de Lyell"
        },
        {
          "language" : "nl-BE",
          "value" : "Syndroom van Lyell"
        },
        {
          "language" : "en",
          "value" : "TEN - toxic epidermal necrolysis / lyell syndrome"
        }]
      },
      {
        "code" : "51599000",
        "display" : "Oedema of larynx",
        "designation" : [{
          "language" : "fr-BE",
          "value" : "Œdème du larynx"
        },
        {
          "language" : "nl-BE",
          "value" : "Oedeem van larynx"
        },
        {
          "language" : "en",
          "value" : "Oedema of larynx"
        }]
      },
      {
        "code" : "23924001",
        "display" : "Tight chest",
        "designation" : [{
          "language" : "fr-BE",
          "value" : "Oppression thoracique"
        },
        {
          "language" : "nl-BE",
          "value" : "Drukkend gevoel op de borst"
        },
        {
          "language" : "en",
          "value" : "Tight chest"
        }]
      },
      {
        "code" : "418363000",
        "display" : "Itching of skin",
        "designation" : [{
          "language" : "fr-BE",
          "value" : "Prurit de la peau"
        },
        {
          "language" : "nl-BE",
          "value" : "Jeuk van huid"
        },
        {
          "language" : "en",
          "value" : "Itching of skin"
        }]
      },
      {
        "code" : "70076002",
        "display" : "Rhinitis",
        "designation" : [{
          "language" : "fr-BE",
          "value" : "Rhinite"
        },
        {
          "language" : "nl-BE",
          "value" : "Rinitis"
        },
        {
          "language" : "en",
          "value" : "Rhinitis"
        }]
      },
      {
        "code" : "162290004",
        "display" : "Dry eyes",
        "designation" : [{
          "language" : "fr-BE",
          "value" : "Sécheresse oculaire"
        },
        {
          "language" : "nl-BE",
          "value" : "Droge ogen"
        },
        {
          "language" : "en",
          "value" : "Dry eyes"
        }]
      },
      {
        "code" : "73442001",
        "display" : "Stevens-Johnson syndrome",
        "designation" : [{
          "language" : "fr-BE",
          "value" : "Syndrome de Stevens-Johnson"
        },
        {
          "language" : "nl-BE",
          "value" : "Syndroom van Stevens-Johnson"
        },
        {
          "language" : "en",
          "value" : "Stevens-Johnson syndrome"
        }]
      },
      {
        "code" : "49727002",
        "display" : "Cough",
        "designation" : [{
          "language" : "fr-BE",
          "value" : "Toux"
        },
        {
          "language" : "nl-BE",
          "value" : "Bevindingen over hoesten"
        },
        {
          "language" : "en",
          "value" : "Cough"
        }]
      },
      {
        "code" : "126485001",
        "display" : "Urticaria",
        "designation" : [{
          "language" : "fr-BE",
          "value" : "Urticaire"
        },
        {
          "language" : "nl-BE",
          "value" : "Urticaria"
        },
        {
          "language" : "en",
          "value" : "Urticaria"
        }]
      },
      {
        "code" : "31996006",
        "display" : "Vasculitis",
        "designation" : [{
          "language" : "fr-BE",
          "value" : "Vascularite"
        },
        {
          "language" : "nl-BE",
          "value" : "Vasculitis"
        },
        {
          "language" : "en",
          "value" : "Vasculitis"
        }]
      },
      {
        "code" : "1985008",
        "display" : "Vomitus",
        "designation" : [{
          "language" : "fr-BE",
          "value" : "Vomissement"
        },
        {
          "language" : "nl-BE",
          "value" : "Braaksel"
        },
        {
          "language" : "en",
          "value" : "Vomitus"
        }]
      },
      {
        "code" : "404684003",
        "display" : "Clinical Finding",
        "designation" : [{
          "language" : "fr-BE",
          "value" : "Constatation Clinique"
        },
        {
          "language" : "nl-BE",
          "value" : "Klinische bevinding"
        },
        {
          "language" : "en",
          "value" : "Clinical Finding"
        }]
      }]
    }]
  }
}