URL,Version,Status,OIDs,Name,Title,Description,Used
https://hl7belgium.org/profiles/fhir/terminology/CodeSystem/be-cs-claim-exemption-code,1.0.0,active,,BeCSClaimExemptionCode,Claim Exemption Code,"RT50Z23 in https://www.inami.fgov.be/SiteCollectionDocuments/instructions_facturation_electronique.pdf",
https://hl7belgium.org/profiles/fhir/terminology/CodeSystem/be-cs-claim-norm-code,1.0.0,active,,BeCSClaimNormCode,Claim Norm Code,"RT50Z3 in https://www.inami.fgov.be/SiteCollectionDocuments/instructions_facturation_electronique.pdf",
https://hl7belgium.org/profiles/fhir/terminology/CodeSystem/be-cs-claim-transplantation-code,1.0.0,active,,BeCSClaimTransplantationCode,Claim Transplantation Code,"RT50Z48 in https://www.inami.fgov.be/SiteCollectionDocuments/instructions_facturation_electronique.pdf",
https://hl7belgium.org/profiles/fhir/terminology/CodeSystem/be-cs-hospital-service-cd,1.0.0,active,,BeCSHospitalServiceCd,Hospital Service Code,"Annex 16.15 (2.C) in https://www.inami.fgov.be/SiteCollectionDocuments/instructions_facturation_electronique.pdf",
https://hl7belgium.org/profiles/fhir/terminology/CodeSystem/be-cs-id-doc-input-type,1.0.0,active,,BeCSIdDocInputType,Id Doc Input Type,"RT52Z9 in https://www.inami.fgov.be/SiteCollectionDocuments/instructions_facturation_electronique.pdf",
https://hl7belgium.org/profiles/fhir/terminology/CodeSystem/be-cs-id-doc-manual-input-justification,1.0.0,active,,BeCSIdDocManualInputJustification,Id Doc Manual Input Justification,"RT52Z3 in https://www.inami.fgov.be/SiteCollectionDocuments/instructions_facturation_electronique.pdf",
https://hl7belgium.org/profiles/fhir/terminology/CodeSystem/be-cs-id-doc-media-type,1.0.0,active,,BeCSIdDocMediaType,Id Doc Media Type,"RT52Z10 in https://www.inami.fgov.be/SiteCollectionDocuments/instructions_facturation_electronique.pdf",
https://hl7belgium.org/profiles/fhir/terminology/CodeSystem/be-cs-id-doc-vignette-use-justification,1.0.0,active,,BeCSIdDocVignetteUseJustification,Id Doc Vignette Use Justification,"RT52Z11 in https://www.inami.fgov.be/SiteCollectionDocuments/instructions_facturation_electronique.pdf",
https://hl7belgium.org/profiles/fhir/terminology/CodeSystem/be-cs-mycarenet-speech-therapy-pathology-situation-code,1.0.0,active,,BeCSMyCareNetSpeechTherapyPathologySituationCode,MyCareNet Speech Therapy Pathology Situation code,"Texte de la nomenclature (Article 36, par. 2)",
https://hl7belgium.org/profiles/fhir/terminology/CodeSystem/be-cs-requester-norm,1.0.0,active,,BeCSRequesterNorm,Prescriber Standard,"RT50Z26 in https://www.inami.fgov.be/SiteCollectionDocuments/instructions_facturation_electronique.pdf",
https://hl7belgium.org/profiles/fhir/terminology/CodeSystem/be-cs-treatment-reason,1.0.0,active,,BeCSTreatmentReason,Treatment Reason,"RT20Z17 in https://www.inami.fgov.be/SiteCollectionDocuments/instructions_facturation_electronique.pdf",
https://www.ehealth.fgov.be/standards/fhir/core-clinical/CodeSystem/be-cs-bodysite,1.0.0,active,,BeCSBodySite,Body Site CodeSystem,"Body Site CodeSystem",
https://www.ehealth.fgov.be/standards/fhir/core-clinical/CodeSystem/be-cs-problem-category,1.0.0,active,,BeCSProblemCategory,Problem Category,"Problem Category",
https://www.ehealth.fgov.be/standards/fhir/core-clinical/CodeSystem/be-cs-problem-origin-type,1.0.0,active,,BeCSProblemOriginType,Problem Origin Type,"Problem Origin Type",
https://www.ehealth.fgov.be/standards/fhir/core-clinical/CodeSystem/be-cs-score,1.0.0,active,,BeCSScore,Score Code System,"Codes as defined initially by the NIHDI. Dutch translations were not yet defined but are planned   for a next release.",
https://www.ehealth.fgov.be/standards/fhir/core-clinical/CodeSystem/be-cs-score-category,1.0.0,active,,BeCSScoreCategory,Score Category,"Score Category",
https://www.ehealth.fgov.be/standards/fhir/core/CodeSystem/be-cs-care-location,2.1.2,active,,BeCSCareLocation,BeCSCareLocation,"Care Location Code System",
https://www.ehealth.fgov.be/standards/fhir/core/CodeSystem/cd-civilstate,2.1.2,active,,CivilState,BeCdCivilState,"Civil state in Belgium.",
https://www.ehealth.fgov.be/standards/fhir/core/CodeSystem/cd-contact-person,2.1.2,active,,ContactPerson,BeCdContactPerson,"Contact person in Belgium.",
https://www.ehealth.fgov.be/standards/fhir/core/CodeSystem/cd-fed-country,2.1.2,active,,Cdfedcountry,BeCdFedCountry,"FedICT country codes.",
https://www.ehealth.fgov.be/standards/fhir/core/CodeSystem/cd-hcparty,2.1.2,active,,HCParty,BeCdHcParty,"healthcare party in Belgium.",
https://www.ehealth.fgov.be/standards/fhir/drp/CodeSystem/be-cs-annex81-status-reason,1.0.0,draft,,BeCSAnnex81StatusReason,BeCSAnnex81StatusReason,"DEMONSTRATIVE EXAMPLE - Status reason for the Annex 81",
https://www.ehealth.fgov.be/standards/fhir/drp/CodeSystem/be-cs-temp-requested-service,1.0.0,active,,BeTempRequestedService,BeTempRequestedService,"DEMONSTRATIVE EXAMPLE - Temporary codes for indicating services that can be requested from a Nurse",
https://www.ehealth.fgov.be/standards/fhir/drp/CodeSystem/be-cs-temp-requested-service-detail,1.0.0,active,,BeTempRequestedServiceDetail,BeTempRequestedServiceDetail,"DEMONSTRATIVE EXAMPLE - Temporary codes for indicating service details that can be requested from a Nurse",
https://www.ehealth.fgov.be/standards/fhir/drp/CodeSystem/be-prescription-status-reason,1.0.0,active,,BePrescriptionStatusReason,BePrescriptionStatusReason,"DEMONSTRATIVE EXAMPLE - Status reason for the prescription. Initially defined as supporting CodeSystem for the referral prescription.",
https://www.ehealth.fgov.be/standards/fhir/drp/CodeSystem/be-treatment-status-reason,1.0.0,active,,BeTreatmentStatusReason,BeTreatmentStatusReason,"DEMONSTRATIVE EXAMPLE - Status reason for the treatment. Initially defined as supporting CodeSystem for the referral prescription.",
https://www.ehealth.fgov.be/standards/fhir/infsec/CodeSystem/be-cs-pseudonymization-type,1.2.0,active,,BeCSPseudonymizationType,Types of pseudonymization,"The technique used for pseudonymization",
https://www.ehealth.fgov.be/standards/fhir/infsec/CodeSystem/be-cs-pseudonymization-version,1.2.0,active,,BeCSPseudonymizationVersion,BeCSPseudonymizationVersion,"List of pseudonymization versions that can be used a.o. in the Capabilities Statement",
https://www.ehealth.fgov.be/standards/fhir/lab/CodeSystem/albert,1.0.0,active,,Albert,CodeSystem Albert,"This code system is to identify Albert code",
https://www.ehealth.fgov.be/standards/fhir/lab/CodeSystem/be-cs-coded-annotation-types,1.0.0,active,,BeCSCodedAnnotationTypes,Coded Annotation Type Codes,"Code System for specific types of coded annotations",
https://www.ehealth.fgov.be/standards/fhir/medication/CodeSystem/BeMedicationLineAdherenceStatus,1.1.0,active,,BeMedicationLineAdherenceStatus,Medication Line Adherence Status,"Medication Line Adherence Status - ValueSet.",
https://www.ehealth.fgov.be/standards/fhir/medication/CodeSystem/BeMedicationLineAdherenceStatusReason,1.1.0,active,,BeMedicationLineAdherenceStatusReason,Adherence Status Reason,"Reasons for non-adherence to a treatment or intervention.",
https://www.ehealth.fgov.be/standards/fhir/medication/CodeSystem/BeMedicationLineOriginType,1.1.0,active,,BeMedicationLineOriginType,Medication origin Type,"Medication origin type",
https://www.ehealth.fgov.be/standards/fhir/medication/CodeSystem/BeMedicationLineRegistrationStatus,1.1.0,active,,BeMedicationLineRegistrationStatus,Medication Line Registration Status,"This code system defines the registration statuses for medication lines.",
https://www.ehealth.fgov.be/standards/fhir/medication/CodeSystem/BeMedicationRequestReimbursementType,1.1.0,active,,BeMedicationRequestReimbursementType,Medication request reimbursement type,"Medication request reimbursement type - instructions for reimbursement of the medication request",
https://www.ehealth.fgov.be/standards/fhir/medication/CodeSystem/BeMedicationType,1.1.0,active,,BeMedicationType,Medication preparation Type,"Medication preparation type",
https://www.ehealth.fgov.be/standards/fhir/patientwill/CodeSystem/be-cs-patientwill-category,1.0.0,active,,BeCSPatientWillCategory,Patient Will Category CodeSystem,"Patient Will Category CodeSystem",
https://www.ehealth.fgov.be/standards/fhir/patientwill/CodeSystem/be-cs-patientwill-code,1.0.0,active,,BeCSPatientWillCode,Patient Will Directive CodeSystem,"Patient Will Directive CodeSystem. Codes as defined by the NIHDI.",
https://www.ehealth.fgov.be/standards/fhir/pss/CodeSystem/PSSQSIConditions,1.0.0,active,"2.16.840.1.113883.2.51.22.2.16.1",PSSQSIConditions,PSS-QSI condition codes,"Condition codes from the QSI system",
https://www.ehealth.fgov.be/standards/fhir/pss/CodeSystem/PSSQSIProcedures,1.0.0,active,"2.16.840.1.113883.2.51.22.2.16.2",PSSQSIProcedures,PSS-QSI procedure codes,"Procedure codes from the QSI system",
https://www.ehealth.fgov.be/standards/fhir/pss/CodeSystem/PSSRatingTypes,1.0.0,active,"2.16.840.1.113883.2.51.22.2.16.3",PSSRatingTypes,CodeSystem: Types of rating provided by the PSS system,"CodeSystem: Types of rating provided by the PSS system",
https://www.ehealth.fgov.be/standards/fhir/public-health/CodeSystem/be-cs-populationscreening-next-invitation-type,1.0.3,active,,BeCSPopulationScreeningNextInvitationType,Population Screening Next Invitation Type,"Code System containing the codes for the type of the next invitation (or exclusion of next invitation)",
https://www.ehealth.fgov.be/standards/fhir/terminology/CodeSystem/be-cs-mycarenet-agreement-errors,2.1.2,active,,BeCSMyCareNetAgreementErrors,MyCareNet Agreement errors,"Errors in the agreement flows of MyCareNet. These values were delivered by the  NIC(Nationaal Intermutualistisch College)/CIN(Collège Intermutualiste National.) Not all codes are defined here, a full list can be found on MyCareNet.be.",
https://www.ehealth.fgov.be/standards/fhir/terminology/CodeSystem/be-cs-mycarenet-agreement-types,2.1.2,active,,BeCSMyCareNetAgreementTypes,MyCareNet Agreement types,"Agreement types for MyCareNet flows. Not all codes are defined here, a full list can be found on mycarenet.be",
https://www.ehealth.fgov.be/standards/fhir/terminology/CodeSystem/be-cs-mycarenet-annex-types,2.1.2,active,,BeCSMyCareNetAnnexTypes,MyCareNet Annex types,"Annex types for MyCareNet flows. Not all codes are defined here, a full list can be found on mycarenet.be",
https://www.ehealth.fgov.be/standards/fhir/terminology/CodeSystem/be-cs-mycarenet-decision-values,2.1.2,active,,BeCSMyCareNetDecisionValues,MyCareNet Decision values,"Decision values in the agreement flows of MyCareNet. These values were delivered by the  NIC(Nationaal Intermutualistisch College)/CIN(Collège Intermutualiste National.) The codes are not defined here, a full list can be found on mycarenet.be.",
https://www.ehealth.fgov.be/standards/fhir/terminology/CodeSystem/be-cs-mycarenet-holder-code-1,2.1.2,active,,BeCSMyCareNetHolderCode1,MyCareNet Insurability code CT1,"see http://www.securimed.eu/fr/tiers-payant/codes-dassurabilite",
https://www.ehealth.fgov.be/standards/fhir/terminology/CodeSystem/be-cs-mycarenet-holder-code-2,2.1.2,active,,BeCSMyCareNetHolderCode2,MyCareNet Insurability code CT2,"see http://www.securimed.eu/fr/tiers-payant/codes-dassurabilite",
https://www.ehealth.fgov.be/standards/fhir/terminology/CodeSystem/be-cs-mycarenet-message-events,2.1.2,active,,BeCSMyCareNetMessageEvents,MyCareNet Message events,"Message events for MyCareNet flows.Not all codes are defined here, a full list can be found on mycarenet.be",
https://www.ehealth.fgov.be/standards/fhir/terminology/CodeSystem/be-cs-mycarenet-nihdi-physiotherapy-pathologysituationcode,2.1.2,active,,BeCSMyCareNetNIHDIPhysiotherapyPathologySituationCode,MyCareNet NIHDIPhysiotherapyPathology,"Legal pathology situation codes as defined by NIHDI to be used in the pathology registration flows of MyCareNet. These values are managed by NIHDI. The codes are not defined here. Consult the cookbooks on mycarenet.be for concrete usage instructions.",
https://www.ehealth.fgov.be/standards/fhir/terminology/CodeSystem/be-cs-mycarenet-partial-agreement-values,2.1.2,active,,BeCSMyCareNetPartialAgreementValues,BeCSMyCareNetPartialAgreementValues,"MyCareNet Partial agreement values",
https://www.ehealth.fgov.be/standards/fhir/terminology/CodeSystem/be-cs-mycarenet-refusal-values,2.1.2,active,,BeCSMyCareNetRefusalValues,MyCareNet Refusal values,"Refusal values in the agreement flows of MyCareNet. These values were delivered by the  NIC(Nationaal Intermutualistisch College)/CIN(Collège Intermutualiste National.)",
https://www.ehealth.fgov.be/standards/fhir/terminology/CodeSystem/be-cs-mycarenet-waitingforinformation-values,2.1.2,active,,BeCSMyCareNetWaitingForInformationValues,MyCareNet Waiting for information values,"Waiting for information values in the agreement flows of MyCareNet. These values were delivered by the  NIC(Nationaal Intermutualistisch College)/CIN(Collège Intermutualiste National.)",
https://www.ehealth.fgov.be/standards/fhir/vaccination/CodeSystem/be-cs-vaccination-administration-route,1.1.2,draft,,BeCSVaccineAdministrationRoute,BeCSVaccineAdministrationRoute,"Vaccine Administration Route",
https://www.ehealth.fgov.be/standards/fhir/vaccination/CodeSystem/be-cs-vaccination-confirmation-status,1.1.2,draft,,BeCSVaccinationConfirmationStatus,BeCSVaccinationConfirmationStatus,"Vaccination status Code System.",
https://www.ehealth.fgov.be/standards/fhir/vaccination/CodeSystem/be-cs-vaccination-status-reason,1.1.2,draft,,BeCSStatusReason,BeCSStatusReason,"Vaccination reason status Code System.",
https://www.ehealth.fgov.be/standards/fhir/vaccination/CodeSystem/be-cs-vaccine-code,1.1.2,active,,BeCSVaccineCode,BeCSVaccineCode,"Vaccine Code Code System - set of Belgian codes for types of vaccines that are administered",
https://www.ehealth.fgov.be/standards/fhir/vaccination/CodeSystem/be-cs-vaccine-target-disease,1.1.2,draft,,BeCSVaccineTargetDisease,BeCSVaccineTargetDisease,"Vaccine Target Disease Code System - set of Belgian codes for diseases targeted by the vaccines",
