Source File	Size	loadResources	load	generateSnapshots	load-configure	scan	loadDepInfo	loadInfo	checkR4R4B	generateNarratives	validate	loadLists	checkConformanceResources	checkConformanceResources2	checkConformanceResources3	generateLogicalMaps	validateExpressions	scanForUsageStats	checkURLsUnique	processProvenanceDetails	generate1	generate2	generateLogicals	makeDependencies	generateExampleZip	generateValidationPack	scanProfilesForR5	scanExamplesForR5
/fsh-generated/resources/ImplementationGuide-hl7.fhir.be.terminology.json	54970	-	0	0	0	0	0	0	47	133	0	0	0	0	0	0	0	2	0	0	185	271	0	0	0	23	0	3
fsh-generated/resources/CodeSystem-BeMedicationLineAdherenceStatus.json	3265	5	0	0	1	0	0	0	1	1	0	0	0	0	0	0	0	0	0	0	9	87	0	0	0	1	0	0
fsh-generated/resources/CodeSystem-BeMedicationLineAdherenceStatusReason.json	3892	1	0	0	0	0	0	0	1	0	0	0	0	0	0	0	0	0	0	0	7	65	0	0	0	1	0	0
fsh-generated/resources/CodeSystem-BeMedicationLineOriginType.json	1848	2	0	0	0	0	0	0	0	0	0	0	0	0	0	0	0	0	0	0	5	55	0	0	0	0	0	0
fsh-generated/resources/CodeSystem-BeMedicationLineRegistrationStatus.json	1542	1	0	0	0	0	0	0	0	0	0	0	0	0	0	0	0	0	0	0	4	50	0	0	0	1	0	0
fsh-generated/resources/CodeSystem-BeMedicationRequestReimbursementType.json	4372	2	0	0	0	0	0	0	1	0	0	0	0	0	0	0	0	0	0	0	8	61	0	0	0	0	0	0
fsh-generated/resources/CodeSystem-BeMedicationType.json	1495	1	0	0	1	0	0	0	0	0	0	0	0	0	0	0	0	0	0	0	4	45	0	0	0	0	0	0
fsh-generated/resources/CodeSystem-PSSQSIConditions.json	1298	1	0	0	0	0	0	0	1	0	0	0	0	0	0	0	0	0	0	0	5	41	0	0	0	1	0	0
fsh-generated/resources/CodeSystem-PSSQSIProcedures.json	1298	1	0	0	0	0	0	0	0	0	0	0	0	0	0	0	0	0	0	0	4	40	0	0	0	0	0	0
fsh-generated/resources/CodeSystem-PSSRatingTypes.json	1535	2	0	0	0	0	0	0	0	0	0	0	0	0	0	0	0	0	0	0	4	44	0	0	0	0	0	0
fsh-generated/resources/CodeSystem-albert.json	1218	4	0	0	0	0	0	0	0	0	0	0	0	0	0	0	0	0	0	0	4	41	0	0	0	0	0	0
fsh-generated/resources/CodeSystem-be-cs-annex81-status-reason.json	1403	1	0	0	0	0	0	0	1	0	0	0	0	0	0	0	0	0	0	0	3	44	0	0	0	1	0	0
fsh-generated/resources/CodeSystem-be-cs-bodysite.json	1326	1	0	0	0	0	0	0	0	0	0	0	0	0	0	0	0	1	0	0	4	40	0	0	0	0	0	0
fsh-generated/resources/CodeSystem-be-cs-care-location.json	7700	9	0	0	0	0	0	0	1	0	0	0	0	0	0	0	0	0	0	0	11	73	0	0	0	4	0	0
fsh-generated/resources/CodeSystem-be-cs-claim-exemption-code.json	2420	4	0	0	0	0	0	0	1	0	0	0	0	0	0	0	0	0	0	0	6	49	0	0	0	1	0	0
fsh-generated/resources/CodeSystem-be-cs-claim-norm-code.json	2550	1	0	0	0	0	0	0	0	0	0	0	0	0	0	0	0	0	0	0	8	48	0	0	0	0	0	0
fsh-generated/resources/CodeSystem-be-cs-claim-transplantation-code.json	2377	6	0	0	0	0	0	0	0	0	0	0	0	0	0	0	0	0	0	0	6	41	0	0	0	1	0	0
fsh-generated/resources/CodeSystem-be-cs-coded-annotation-types.json	1724	3	0	0	0	0	0	0	1	0	0	0	0	0	0	0	0	0	0	0	5	34	0	0	0	0	0	0
fsh-generated/resources/CodeSystem-be-cs-hospital-service-cd.json	4909	11	0	0	0	0	0	0	1	0	0	0	1	0	0	0	0	0	0	0	8	72	0	0	0	5	0	0
fsh-generated/resources/CodeSystem-be-cs-id-doc-input-type.json	2401	2	0	0	0	0	0	0	0	0	0	0	0	0	0	0	0	0	0	0	5	30	0	0	0	1	0	0
fsh-generated/resources/CodeSystem-be-cs-id-doc-manual-input-justification.json	2495	1	0	0	0	0	0	0	1	0	0	0	0	0	0	0	0	0	0	0	6	29	0	0	0	0	0	0
fsh-generated/resources/CodeSystem-be-cs-id-doc-media-type.json	2464	1	0	0	0	0	0	0	0	0	0	0	0	0	0	0	0	0	0	0	5	25	0	0	0	0	0	0
fsh-generated/resources/CodeSystem-be-cs-id-doc-vignette-use-justification.json	2372	1	0	0	0	0	0	0	1	0	0	0	0	0	0	0	0	0	0	0	5	23	0	0	0	1	0	0
fsh-generated/resources/CodeSystem-be-cs-mycarenet-agreement-errors.json	2606	2	0	0	0	0	0	0	0	0	0	0	0	0	0	0	0	0	0	0	6	23	0	0	0	0	0	0
fsh-generated/resources/CodeSystem-be-cs-mycarenet-agreement-types.json	4071	2	0	0	0	0	0	0	0	1	0	0	0	0	0	0	0	0	0	0	6	24	0	0	0	3	0	1
fsh-generated/resources/CodeSystem-be-cs-mycarenet-annex-types.json	6883	3	0	0	1	0	0	0	2	0	0	0	0	0	0	0	0	0	0	0	11	35	0	0	0	1	0	0
fsh-generated/resources/CodeSystem-be-cs-mycarenet-decision-values.json	3103	1	0	0	0	0	0	0	0	0	0	0	0	0	0	0	0	0	0	0	6	21	0	0	0	1	0	0
fsh-generated/resources/CodeSystem-be-cs-mycarenet-holder-code-1.json	3115	2	0	0	0	0	0	0	0	0	0	0	0	0	0	0	0	0	0	0	6	27	0	0	0	2	0	0
fsh-generated/resources/CodeSystem-be-cs-mycarenet-holder-code-2.json	3082	1	0	0	0	0	0	0	1	0	0	0	0	0	0	0	0	0	0	0	6	25	0	0	0	0	0	0
fsh-generated/resources/CodeSystem-be-cs-mycarenet-message-events.json	3824	2	0	0	0	0	0	0	1	0	0	0	0	0	0	0	0	0	0	0	6	24	0	0	0	1	0	0
fsh-generated/resources/CodeSystem-be-cs-mycarenet-nihdi-physiotherapy-pathologysituationcode.json	147399	38	0	0	0	0	0	0	15	0	0	0	0	0	0	0	0	1	0	0	156	160	0	0	0	12	0	0
fsh-generated/resources/CodeSystem-be-cs-mycarenet-partial-agreement-values.json	2372	2	0	0	0	0	0	0	0	0	0	0	0	0	0	0	0	0	0	0	5	23	0	0	0	3	0	0
fsh-generated/resources/CodeSystem-be-cs-mycarenet-refusal-values.json	2942	2	0	0	0	0	0	0	1	0	0	0	0	0	0	0	0	0	0	0	8	21	0	0	0	1	0	0
fsh-generated/resources/CodeSystem-be-cs-mycarenet-speech-therapy-pathology-situation-code.json	4133	2	0	0	0	0	0	0	0	0	0	0	0	0	0	0	0	0	0	0	7	24	0	0	0	0	0	0
fsh-generated/resources/CodeSystem-be-cs-mycarenet-waitingforinformation-values.json	2945	2	0	0	0	0	0	0	1	0	0	0	0	0	0	0	0	0	0	0	5	21	0	0	0	1	0	0
fsh-generated/resources/CodeSystem-be-cs-patientwill-category.json	1580	1	0	0	0	0	0	0	0	0	0	0	0	0	0	0	0	0	0	0	5	18	0	0	0	0	0	0
fsh-generated/resources/CodeSystem-be-cs-patientwill-code.json	3559	3	0	0	0	0	0	0	1	0	0	0	0	0	0	0	0	0	0	0	5	28	0	0	0	1	0	0
fsh-generated/resources/CodeSystem-be-cs-populationscreening-next-invitation-type.json	2265	1	0	0	0	0	0	0	0	0	0	0	0	0	0	0	0	0	0	0	5	18	0	0	0	1	0	0
fsh-generated/resources/CodeSystem-be-cs-problem-category.json	3861	2	0	0	0	0	0	0	1	0	0	0	0	0	0	0	0	0	0	0	6	20	0	0	0	0	0	0
fsh-generated/resources/CodeSystem-be-cs-problem-origin-type.json	2700	1	0	0	1	0	0	0	0	0	0	0	0	0	0	0	0	0	0	0	5	17	0	0	0	0	0	0
fsh-generated/resources/CodeSystem-be-cs-pseudonymization-type.json	1475	1	0	0	0	0	0	0	0	0	0	0	0	0	0	0	0	0	0	0	3	16	0	0	0	1	0	0
fsh-generated/resources/CodeSystem-be-cs-pseudonymization-version.json	1496	1	0	0	0	0	0	0	0	0	0	0	0	0	0	0	0	0	0	0	4	16	0	0	0	0	0	0
fsh-generated/resources/CodeSystem-be-cs-requester-norm.json	2490	2	0	0	0	0	0	0	1	0	0	0	0	0	0	0	0	0	0	0	6	19	0	0	0	0	0	0
fsh-generated/resources/CodeSystem-be-cs-score-category.json	2141	1	0	0	0	0	0	0	0	0	0	0	0	0	0	0	0	0	0	0	4	18	0	0	0	1	0	0
fsh-generated/resources/CodeSystem-be-cs-score.json	6610	2	0	0	0	0	0	0	1	0	0	0	0	0	0	0	0	0	0	0	9	26	0	0	0	0	0	0
fsh-generated/resources/CodeSystem-be-cs-temp-requested-service-detail.json	11714	3	0	0	0	0	0	0	1	0	0	0	0	0	0	0	0	0	0	0	15	28	0	0	0	1	0	0
fsh-generated/resources/CodeSystem-be-cs-temp-requested-service.json	9922	3	0	0	0	0	0	0	1	0	0	0	0	0	0	0	0	0	0	0	11	24	0	0	0	1	0	0
fsh-generated/resources/CodeSystem-be-cs-treatment-reason.json	2449	1	0	0	0	0	0	0	1	0	0	0	0	0	0	0	0	0	0	0	5	18	0	0	0	1	0	0
fsh-generated/resources/CodeSystem-be-cs-vaccination-administration-route.json	3102	2	0	0	0	0	0	0	0	0	0	0	0	0	0	0	0	0	0	0	5	18	0	0	0	0	0	0
fsh-generated/resources/CodeSystem-be-cs-vaccination-confirmation-status.json	2066	1	0	0	0	0	0	0	0	0	0	0	0	0	0	0	0	0	0	0	4	15	0	0	0	0	0	0
fsh-generated/resources/CodeSystem-be-cs-vaccination-status-reason.json	1764	1	0	0	0	0	0	0	0	0	0	0	0	0	0	0	0	0	0	0	4	16	0	0	0	1	0	1
fsh-generated/resources/CodeSystem-be-cs-vaccine-code.json	1318	1	0	0	0	0	0	0	1	0	0	0	0	0	0	0	0	0	0	0	3	15	0	0	0	0	0	0
fsh-generated/resources/CodeSystem-be-cs-vaccine-target-disease.json	1265	1	0	0	0	0	0	0	0	0	0	0	0	0	0	0	0	0	0	0	3	15	0	0	0	0	0	0
fsh-generated/resources/CodeSystem-be-prescription-status-reason.json	1506	0	0	0	0	0	0	0	0	0	0	0	0	0	0	0	0	0	0	0	4	14	0	0	0	1	0	0
fsh-generated/resources/CodeSystem-be-treatment-status-reason.json	1618	1	0	0	0	0	0	0	0	0	0	0	0	0	0	0	0	0	0	0	4	15	0	0	0	0	0	0
fsh-generated/resources/CodeSystem-cd-civilstate.json	5625	2	0	0	0	0	0	0	1	0	0	0	0	0	0	0	0	0	0	0	7	20	0	0	0	0	0	0
fsh-generated/resources/CodeSystem-cd-contact-person.json	5263	2	0	0	0	0	0	0	0	0	0	0	0	0	0	0	0	0	0	0	7	21	0	0	0	1	0	0
fsh-generated/resources/CodeSystem-cd-fed-country.json	1237	1	0	0	0	0	0	0	1	0	0	0	0	0	0	0	0	0	0	0	3	14	0	0	0	0	0	0
fsh-generated/resources/CodeSystem-cd-hcparty.json	118814	24	0	0	1	0	0	0	15	0	0	0	1	0	0	0	0	1	0	0	195	118	0	0	0	16	0	0
fsh-generated/resources/ConceptMap-BeCMMyCareNetISOToothSnomedCT.json	18972	4	0	0	0	0	0	0	2	487	0	0	0	0	0	0	0	0	0	0	54	39	0	0	0	2	0	0
fsh-generated/resources/NamingSystem-be-cbe.json	1549	1	12	0	0	0	0	0	0	0	2194	0	0	0	0	0	0	0	0	0	5	5	0	0	0	1	0	0
fsh-generated/resources/NamingSystem-be-ehp.json	1558	2	1	0	0	0	0	0	0	0	15	0	0	0	0	0	0	0	0	0	5	4	0	0	0	0	0	0
fsh-generated/resources/NamingSystem-be-insurancenumber.json	1753	1	1	0	0	0	0	0	0	0	12	0	0	0	0	0	0	0	0	0	5	5	0	0	0	0	0	0
fsh-generated/resources/NamingSystem-be-insurancymembership.json	1561	1	0	0	0	0	0	0	0	0	14	0	0	0	0	0	0	0	0	0	4	4	0	0	0	1	0	0
fsh-generated/resources/NamingSystem-be-nihdi.json	1561	1	1	0	0	0	0	0	1	0	12	0	0	0	0	0	0	0	0	0	4	5	0	0	0	1	0	0
fsh-generated/resources/NamingSystem-be-ns-allergy.json	1523	1	0	0	0	0	0	0	0	0	12	0	0	0	0	0	0	0	0	0	5	4	0	0	0	0	0	0
fsh-generated/resources/NamingSystem-be-ns-belac.json	936	0	1	0	0	0	0	0	0	0	7	0	0	0	0	0	0	0	0	0	3	3	0	0	0	0	0	0
fsh-generated/resources/NamingSystem-be-ns-claim-related-claim.json	2535	2	1	0	0	0	0	0	0	0	403	0	0	0	0	0	0	0	0	0	6	7	0	0	0	0	0	0
fsh-generated/resources/NamingSystem-be-ns-cnk-codes.json	1495	1	0	0	0	0	0	0	0	0	9	0	0	0	0	0	0	0	0	0	5	4	0	0	0	1	0	0
fsh-generated/resources/NamingSystem-be-ns-cti-extended-code.json	1528	0	1	0	0	0	0	0	1	0	8	0	0	0	0	0	0	0	0	0	5	4	0	0	0	0	0	0
fsh-generated/resources/NamingSystem-be-ns-lab-report-bundle-id.json	1140	1	0	0	0	0	0	0	0	0	6	0	0	0	0	0	0	0	0	0	3	3	0	0	0	0	0	0
fsh-generated/resources/NamingSystem-be-ns-lab-report-diagnostic-report-id.json	1193	1	0	0	0	0	0	0	0	0	7	0	0	0	0	0	0	0	0	0	5	3	0	0	0	0	0	0
fsh-generated/resources/NamingSystem-be-ns-nihdi-nomenclature.json	1529	1	1	0	0	0	0	0	0	0	10	0	0	0	0	0	0	0	0	0	5	4	0	0	0	1	0	0
fsh-generated/resources/NamingSystem-be-ns-nihdi-organization.json	1527	1	0	0	0	0	0	0	0	0	9	0	0	0	0	0	0	0	0	0	5	3	0	0	0	0	0	0
fsh-generated/resources/NamingSystem-be-ns-nihdi-professional.json	1527	1	1	0	0	0	0	0	0	0	9	0	0	0	0	0	0	0	0	0	5	4	0	0	0	0	0	0
fsh-generated/resources/NamingSystem-be-ns-one-vaccination.json	1494	0	0	0	0	0	0	0	0	0	9	0	0	0	0	0	0	0	0	0	4	3	0	0	0	0	0	0
fsh-generated/resources/NamingSystem-be-ns-prescription-ids.json	1513	1	0	0	0	0	0	0	1	0	8	0	0	0	0	0	0	0	0	0	4	4	0	0	0	3	0	0
fsh-generated/resources/NamingSystem-be-ns-product-manufacturer.json	1512	1	1	0	0	0	0	0	0	0	8	0	0	0	0	0	0	0	0	0	6	3	0	0	0	0	0	0
fsh-generated/resources/NamingSystem-be-ns-product-package-type.json	1532	1	0	0	0	0	0	0	0	0	8	0	0	0	0	0	0	0	0	0	5	4	0	0	0	1	0	0
fsh-generated/resources/NamingSystem-be-ns-retam.json	1003	1	0	0	0	0	0	0	0	0	5	0	0	0	0	0	0	0	0	0	3	4	0	0	0	0	0	0
fsh-generated/resources/NamingSystem-be-ns-uhmep-short.json	1524	0	1	0	0	0	0	0	0	0	8	0	0	0	0	0	0	0	0	0	9	3	0	0	0	0	0	0
fsh-generated/resources/NamingSystem-be-ns-uhmep.json	1489	1	0	0	0	0	0	0	0	0	7	0	0	0	0	0	0	0	0	0	4	4	0	0	0	0	0	0
fsh-generated/resources/NamingSystem-be-ns-vaccinnet-vaccinecode.json	1525	1	1	0	0	0	0	0	1	0	8	0	0	0	0	0	0	0	0	0	5	3	0	0	0	1	0	0
fsh-generated/resources/NamingSystem-be-ssin.json	1555	1	0	0	0	0	0	0	0	0	7	0	0	0	0	0	0	0	0	0	4	4	0	0	0	0	0	0
fsh-generated/resources/NamingSystem-cvko-id.json	1618	1	1	0	0	0	0	0	0	0	8	0	0	0	0	0	0	0	0	0	5	4	0	0	0	0	0	1
fsh-generated/resources/ValueSet-BacterialCodes.json	2709	1	0	0	0	0	0	0	0	0	0	0	0	0	0	0	0	0	0	0	7	372	0	0	0	1	0	0
fsh-generated/resources/ValueSet-BeMedicationExposureIntentVS.json	1872	0	0	0	0	0	0	0	0	0	0	0	0	0	0	0	0	0	0	0	16	316	0	0	0	0	0	0
fsh-generated/resources/ValueSet-BeMedicationLineAdherenceStatusReasonVS.json	1442	1	0	0	0	0	0	0	1	0	0	0	0	0	0	0	0	0	0	0	4	21	0	0	0	0	0	0
fsh-generated/resources/ValueSet-BeMedicationLineAdherenceStatusVS.json	1365	1	0	0	0	0	0	0	0	0	0	0	0	0	0	0	0	0	0	0	4	24	0	0	0	1	0	0
fsh-generated/resources/ValueSet-BeMedicationLineOriginTypeVS.json	1354	1	0	0	0	0	0	0	0	0	0	0	0	0	0	0	0	0	0	0	5	18	0	0	0	0	0	0
fsh-generated/resources/ValueSet-BeMedicationLineRegistrationStatusVS.json	1438	0	0	0	0	0	0	0	0	0	0	0	0	0	0	0	0	0	0	0	4	18	0	0	0	0	0	0
fsh-generated/resources/ValueSet-BeMedicationPrescriptionStatusVS.json	1651	1	0	0	1	0	0	0	0	0	0	0	0	0	0	0	0	0	0	0	7	20	0	0	0	0	0	0
fsh-generated/resources/ValueSet-BeMedicationRequestReimbursementTypeVS.json	1472	1	0	0	0	0	0	0	0	0	0	0	0	0	0	0	0	0	0	0	5	19	0	0	0	1	0	0
fsh-generated/resources/ValueSet-BeMedicationTypeVS.json	1324	1	0	0	0	0	0	0	0	0	0	0	0	0	0	0	0	0	0	0	5	17	0	0	0	0	0	0
fsh-generated/resources/ValueSet-BeRouteOfAdministrationVS.json	10096	2	0	0	0	0	0	0	2	0	0	0	0	0	0	0	0	0	0	0	13	261	0	0	0	2	0	0
fsh-generated/resources/ValueSet-BeVSPopulationScreeningFollowUpAdvice.json	2895	1	0	0	0	0	0	0	0	0	0	0	0	0	0	0	0	0	0	0	7	385	0	0	0	0	0	0
fsh-generated/resources/ValueSet-CandidaCodes.json	2866	1	0	0	0	0	0	0	0	0	0	0	0	0	0	0	0	0	0	0	6	344	0	0	0	0	0	0
fsh-generated/resources/ValueSet-ChlamydiaCodes.json	2974	1	0	0	0	0	0	0	0	0	0	0	0	0	0	0	0	0	0	0	7	4903	0	0	0	1	0	0
fsh-generated/resources/ValueSet-CompromisedImmuneSystemCodes.json	3297	1	0	0	0	0	0	0	1	0	0	0	0	0	0	0	0	0	0	0	7	5840	0	0	0	0	0	0
fsh-generated/resources/ValueSet-GonokokCodes.json	2907	1	0	0	0	0	0	0	0	0	0	0	0	0	0	0	0	0	0	0	7	4857	0	0	0	0	0	0
fsh-generated/resources/ValueSet-MycoplasmaCodes.json	2714	1	0	0	0	0	0	0	0	0	0	0	0	0	0	0	0	0	0	0	6	335	0	0	0	1	0	0
fsh-generated/resources/ValueSet-OncologyPatientCodes.json	3258	0	0	0	0	0	0	0	0	0	0	0	0	0	0	0	0	1	0	0	7	5996	0	0	0	1	0	0
fsh-generated/resources/ValueSet-OtherCodes.json	2859	1	0	0	0	0	0	0	0	0	0	0	0	0	0	0	0	0	0	0	8	316	0	0	0	0	0	0
fsh-generated/resources/ValueSet-PSSRatingTypesVS.json	1430	1	0	0	0	0	0	0	1	0	0	0	0	0	0	0	0	0	0	0	4	19	0	0	0	0	0	0
fsh-generated/resources/ValueSet-PregnancyCodes.json	3022	1	0	0	0	0	0	0	0	0	0	0	0	0	0	0	0	0	0	0	6	4826	0	0	0	1	0	0
fsh-generated/resources/ValueSet-TrichomonasCodes.json	2776	1	0	0	0	0	0	0	0	0	0	0	0	0	0	0	0	0	0	0	7	322	0	0	0	0	0	0
fsh-generated/resources/ValueSet-be-allergyintolerancecode.json	1595	1	0	0	0	0	0	0	0	0	0	0	0	0	0	0	0	0	0	0	5	1430	0	0	0	0	0	0
fsh-generated/resources/ValueSet-be-causativeagent.json	2176	0	0	0	0	0	0	0	0	0	0	0	0	0	0	0	0	0	0	0	5	1857	0	0	0	1	0	0
fsh-generated/resources/ValueSet-be-civilstate.json	8356	2	0	0	0	0	0	0	1	0	0	0	0	0	0	0	0	0	0	0	12	23	0	0	0	2	0	0
fsh-generated/resources/ValueSet-be-contactperson.json	6260	2	0	0	0	0	0	0	1	0	0	0	0	0	0	0	0	0	0	0	9	25	0	0	0	1	0	0
fsh-generated/resources/ValueSet-be-exposureroute.json	2119	1	0	0	0	0	0	0	0	0	0	0	0	0	0	0	0	0	0	0	6	741	0	0	0	0	0	0
fsh-generated/resources/ValueSet-be-noallergy.json	2296	0	0	0	0	0	0	0	0	0	0	0	0	0	0	0	0	0	0	0	5	345	0	0	0	0	0	0
fsh-generated/resources/ValueSet-be-populationscreening-result-vs.json	2948	1	0	0	0	0	0	0	0	0	0	0	0	0	0	0	0	0	0	0	6	316	0	0	0	0	0	0
fsh-generated/resources/ValueSet-be-riskmanifestation.json	17759	3	0	0	0	0	0	0	2	0	0	0	0	0	0	0	0	0	0	0	17	291	0	0	0	1	0	0
fsh-generated/resources/ValueSet-be-vs-allergyintolerance-type.json	1610	1	0	0	0	0	0	0	0	0	0	0	0	0	0	0	0	0	0	0	4	321	0	0	0	3	0	0
fsh-generated/resources/ValueSet-be-vs-annex-81-reason-code.json	3337	2	0	0	0	0	0	0	1	0	0	0	0	0	0	0	0	0	0	0	6	304	0	0	0	0	0	0
fsh-generated/resources/ValueSet-be-vs-annex81-status-reason.json	1346	0	0	0	0	0	0	0	0	0	0	0	0	0	0	0	0	0	0	0	3	12	0	0	0	0	0	0
fsh-generated/resources/ValueSet-be-vs-bodysite-nursing.json	5054	2	0	0	0	0	0	0	0	0	0	0	0	0	0	0	0	0	0	0	6	1181	0	0	0	1	0	0
fsh-generated/resources/ValueSet-be-vs-bodysite.json	1338	1	0	0	0	0	0	0	1	0	0	0	0	0	0	0	0	0	0	0	4	15	0	0	0	0	0	0
fsh-generated/resources/ValueSet-be-vs-care-location.json	1265	0	0	0	0	0	0	0	0	0	0	0	0	0	0	0	0	0	0	0	3	19	0	0	0	0	0	0
fsh-generated/resources/ValueSet-be-vs-cd-hcparty.json	1274	1	0	0	0	0	0	0	0	0	0	0	0	0	0	0	0	0	0	0	3	38	0	0	0	0	0	0
fsh-generated/resources/ValueSet-be-vs-claim-exemption-code.json	2339	1	0	0	0	0	0	0	0	0	0	0	0	0	0	0	0	0	0	0	5	21	0	0	0	1	0	0
fsh-generated/resources/ValueSet-be-vs-claim-norm-code.json	2313	1	0	0	0	0	0	0	0	0	0	0	0	0	0	0	0	0	0	0	5	19	0	0	0	0	0	0
fsh-generated/resources/ValueSet-be-vs-claim-transplantation-code.json	2369	1	0	0	1	0	0	0	1	0	0	0	0	0	0	0	0	0	0	0	5	18	0	0	0	0	0	0
fsh-generated/resources/ValueSet-be-vs-coded-annotation-types.json	1320	1	0	0	0	0	0	0	0	0	0	0	0	0	0	0	0	0	0	0	3	17	0	0	0	0	0	0
fsh-generated/resources/ValueSet-be-vs-dispenser-types.json	1902	1	0	0	0	0	0	0	0	0	0	0	0	0	0	0	0	0	0	0	5	18	0	0	0	3	0	0
fsh-generated/resources/ValueSet-be-vs-gender-at-birth.json	1270	0	0	0	0	0	0	0	0	0	0	0	0	0	0	0	0	0	0	0	4	16	0	0	0	0	0	0
fsh-generated/resources/ValueSet-be-vs-hospital-service-cd.json	2346	1	0	0	0	0	0	0	0	0	0	0	0	0	0	0	0	0	0	0	5	25	0	0	1	1	0	0
fsh-generated/resources/ValueSet-be-vs-id-doc-input-type.json	2322	1	0	0	0	0	0	0	0	0	0	0	0	0	0	0	0	0	0	0	4	18	0	0	0	0	0	0
fsh-generated/resources/ValueSet-be-vs-id-doc-manual-input-justification.json	2401	1	0	0	0	0	0	0	1	0	0	0	0	0	0	0	0	0	0	0	5	18	0	0	0	0	0	0
fsh-generated/resources/ValueSet-be-vs-id-doc-media-type.json	2323	1	0	0	0	0	0	0	0	0	0	0	0	0	0	0	0	0	0	0	4	18	0	0	0	0	0	0
fsh-generated/resources/ValueSet-be-vs-id-doc-vignette-use-justification.json	2402	1	0	0	0	0	0	0	0	0	0	0	0	0	0	0	0	0	0	0	4	19	0	0	0	1	0	0
fsh-generated/resources/ValueSet-be-vs-laterality.json	1999	0	0	0	0	0	0	0	0	0	0	0	0	0	0	0	0	0	0	0	4	485	0	0	0	0	0	0
fsh-generated/resources/ValueSet-be-vs-mycarenet-basic-laterality.json	3817	1	0	0	0	0	0	0	1	0	0	0	0	0	0	0	0	0	0	0	6	319	0	0	0	1	0	0
fsh-generated/resources/ValueSet-be-vs-mycarenet-decision-values.json	2508	1	0	0	0	0	0	0	0	0	0	0	0	0	0	0	0	0	0	0	6	19	0	0	0	0	0	0
fsh-generated/resources/ValueSet-be-vs-mycarenet-eagreementadjudicationreason.json	2769	1	0	0	0	0	0	0	0	0	0	0	0	0	0	0	0	0	0	0	5	17	0	0	0	1	0	0
fsh-generated/resources/ValueSet-be-vs-mycarenet-eagreementerrors.json	2386	2	0	0	0	0	0	0	0	0	0	0	0	0	0	0	0	0	0	0	6	16	0	0	0	0	0	0
fsh-generated/resources/ValueSet-be-vs-mycarenet-eagreementmessage.json	2508	1	0	0	0	0	0	0	0	0	0	0	0	0	0	0	0	0	0	0	4	19	0	0	0	0	0	0
fsh-generated/resources/ValueSet-be-vs-mycarenet-eagreementproductorservice.json	2801	0	0	0	0	0	0	0	1	0	0	0	0	0	0	0	0	0	0	0	5	58	0	0	0	1	0	0
fsh-generated/resources/ValueSet-be-vs-mycarenet-holder-code-1.json	2402	1	0	0	0	0	0	0	0	0	0	0	0	0	0	0	0	0	0	0	4	21	0	0	0	0	0	0
fsh-generated/resources/ValueSet-be-vs-mycarenet-holder-code-2.json	2402	1	0	0	0	0	0	0	0	0	0	0	0	0	0	0	0	0	0	0	4	21	0	0	0	0	0	0
fsh-generated/resources/ValueSet-be-vs-mycarenet-speech-therapy-pathology-situation-code.json	2412	1	0	0	0	0	0	0	0	0	0	0	0	0	0	0	0	0	0	0	4	16	0	0	0	0	0	0
fsh-generated/resources/ValueSet-be-vs-mycarenet-toothnumber-bodysite.json	6592	2	0	0	0	0	0	0	1	0	0	0	0	0	0	0	0	0	0	0	8	284	0	0	0	1	0	0
fsh-generated/resources/ValueSet-be-vs-patient-relationship-type.json	4112	1	0	0	0	0	0	0	0	0	0	0	0	0	0	0	0	0	0	0	5	603	0	0	0	0	0	0
fsh-generated/resources/ValueSet-be-vs-patientwill-category.json	1312	1	0	0	0	0	0	0	1	0	0	0	0	0	0	0	0	0	0	0	3	12	0	0	0	0	0	0
fsh-generated/resources/ValueSet-be-vs-patientwill-code.json	1298	1	0	0	0	0	0	0	0	0	0	0	0	0	0	0	0	0	0	0	3	13	0	0	0	0	0	0
fsh-generated/resources/ValueSet-be-vs-patientwill-scope.json	2632	0	0	0	0	0	0	0	0	0	0	0	0	0	0	0	0	0	0	0	5	838	0	0	0	1	0	0
fsh-generated/resources/ValueSet-be-vs-performer-task-status-reason.json	1899	1	0	0	0	0	0	0	0	0	0	0	0	0	0	0	0	0	0	0	3	21	0	0	0	0	0	0
fsh-generated/resources/ValueSet-be-vs-populationscreening-next-invitation-type.json	2962	1	0	0	0	0	0	0	0	0	0	0	0	0	0	0	0	0	0	0	5	17	0	0	0	3	0	0
fsh-generated/resources/ValueSet-be-vs-populationscreening-type.json	3173	1	0	0	0	0	0	0	0	0	0	0	0	0	0	0	0	0	0	0	5	314	0	0	0	0	0	0
fsh-generated/resources/ValueSet-be-vs-prescription-status-reason.json	1381	0	0	0	0	0	0	0	1	0	0	0	0	0	0	0	0	0	0	0	3	13	0	0	0	0	0	0
fsh-generated/resources/ValueSet-be-vs-problem-category.json	1383	1	0	0	0	0	0	0	0	0	0	0	0	0	0	0	0	0	0	0	3	13	0	0	0	1	0	0
fsh-generated/resources/ValueSet-be-vs-problem-code.json	1362	1	0	0	0	0	0	0	0	0	0	0	0	0	0	0	0	0	0	0	3	16	0	0	0	0	0	0
fsh-generated/resources/ValueSet-be-vs-problem-origin-type.json	1400	1	0	0	0	0	1	0	0	0	0	0	0	0	0	0	0	0	0	0	3	13	0	0	0	0	0	0
fsh-generated/resources/ValueSet-be-vs-pseudonymization-type.json	1341	1	0	0	1	0	0	0	0	0	0	0	0	0	0	0	0	0	0	0	4	10	0	0	0	0	0	0
fsh-generated/resources/ValueSet-be-vs-reaction-manifestation-code.json	3286	1	0	0	0	0	0	0	1	0	0	0	0	0	0	0	0	0	0	0	5	240	0	0	0	1	0	0
fsh-generated/resources/ValueSet-be-vs-referral-category.json	8856	1	0	0	0	0	0	0	0	0	0	0	0	0	0	0	0	0	0	0	9	267	0	0	0	0	0	0
fsh-generated/resources/ValueSet-be-vs-request-intent.json	1444	1	0	0	0	0	0	0	0	0	0	0	0	0	0	0	0	0	0	0	4	12	0	0	0	0	0	0
fsh-generated/resources/ValueSet-be-vs-request-note-type.json	3026	1	0	0	0	0	0	0	1	0	0	0	0	0	0	0	0	0	0	0	4	312	0	0	0	2	0	0
fsh-generated/resources/ValueSet-be-vs-requested-services-nurse-detail.json	6394	1	0	0	0	0	0	0	0	0	0	0	0	0	0	0	0	0	0	0	8	429	0	0	0	0	0	0
fsh-generated/resources/ValueSet-be-vs-requested-services-nurse.json	5228	1	0	0	0	0	0	0	1	0	0	0	0	0	0	0	0	0	0	0	6	263	0	0	0	3	0	0
fsh-generated/resources/ValueSet-be-vs-requester-norm.json	2315	1	0	0	0	0	0	0	0	0	0	0	0	0	0	0	0	0	0	0	4	14	0	0	0	1	0	0
fsh-generated/resources/ValueSet-be-vs-score.json	6623	1	0	0	0	0	0	0	1	0	0	0	0	0	0	0	0	0	0	0	7	257	0	0	0	0	0	1
fsh-generated/resources/ValueSet-be-vs-scorecategory.json	1389	1	0	0	0	0	0	0	0	0	0	0	0	0	0	0	0	0	0	0	3	11	0	0	0	1	0	0
fsh-generated/resources/ValueSet-be-vs-task-intent.json	1455	1	0	0	0	0	0	0	0	0	0	0	0	0	0	0	0	0	0	0	3	11	0	0	0	0	0	0
fsh-generated/resources/ValueSet-be-vs-treatment-reason.json	2320	0	0	0	0	0	0	0	0	0	0	0	0	0	0	0	0	0	0	0	4	13	0	0	0	0	0	0
fsh-generated/resources/ValueSet-be-vs-treatment-status-reason.json	1395	1	0	0	0	0	0	0	0	0	0	0	0	0	0	0	0	0	0	0	3	10	0	0	0	0	0	0
fsh-generated/resources/ValueSet-be-vs-vaccination-administration-route.json	1701	1	0	0	0	0	0	0	1	0	0	0	0	0	0	0	0	0	0	0	4	18	0	0	0	1	0	0
fsh-generated/resources/ValueSet-be-vs-vaccination-bodysite.json	4384	1	0	0	0	0	0	0	0	0	0	0	0	0	0	0	0	0	0	0	5	224	0	0	0	0	0	0
fsh-generated/resources/ValueSet-be-vs-vaccination-confirmation-status.json	1501	0	0	0	0	0	0	0	0	0	0	0	0	0	0	0	0	0	0	0	4	11	0	0	0	3	0	0
fsh-generated/resources/ValueSet-be-vs-vaccination-product.json	1273	1	0	0	0	0	0	0	0	0	0	0	0	0	0	0	0	0	0	0	2	9	0	0	0	1	0	0
fsh-generated/resources/ValueSet-be-vs-vaccination-reason-code.json	3359	1	0	0	0	0	0	0	0	0	0	0	0	0	0	0	0	0	0	0	6	319	0	1	0	0	0	0
fsh-generated/resources/ValueSet-be-vs-vaccination-status-reason.json	2086	0	0	0	0	0	0	0	1	0	0	0	0	0	0	0	0	0	0	0	3	14	0	0	0	0	0	0
fsh-generated/resources/ValueSet-be-vs-vaccine-code.json	42174	4	0	0	0	0	0	0	3	0	0	0	0	0	0	0	0	1	0	0	35	242	0	0	0	4	0	0
fsh-generated/resources/ValueSet-be-vs-vaccine-target-disease.json	1514	1	0	0	0	0	0	0	0	0	0	0	0	0	0	0	0	0	0	0	4	11	0	0	0	1	0	0
fsh-generated/resources/ValueSet-be-vspopulationscreening-body-site-location.json	2903	1	0	0	0	0	0	0	0	0	0	0	0	0	0	0	0	0	0	0	4	1197	0	0	0	0	0	0
/input/includes/dmn2html.xslt	6208	-	-	-	0	0	0	0	0	0	0	0	0	0	0	0	0	0	0	0	0	0	0	0	0	0	0	0
/input/includes/dmn.css	838	-	-	-	0	0	0	0	0	0	0	0	0	0	0	0	0	0	0	0	0	0	0	0	0	0	0	0
/fsh-generated/includes/fsh-link-references.md	11942	-	-	-	0	0	0	0	0	0	0	0	0	0	0	0	0	0	0	0	0	1	0	0	0	0	0	0
/fsh-generated/includes/menu.xml	3172	-	-	-	0	0	0	0	0	0	0	0	0	0	0	0	0	0	0	0	0	0	0	0	0	0	0	0
/input/data/features.yml	5	-	-	-	0	0	0	0	0	0	0	0	0	0	0	0	0	0	0	0	0	0	0	0	0	0	0	0
/input/pagecontent/terminology.md	0	-	-	-	0	0	0	0	0	0	0	0	0	0	0	0	0	0	0	0	0	0	0	0	0	0	0	0
/input/pagecontent/design.md	0	-	-	-	0	0	0	0	0	0	0	0	0	0	0	0	0	0	0	0	0	0	0	0	0	0	0	0
/input/pagecontent/usecases.md	0	-	-	-	0	0	0	0	0	0	0	0	0	0	0	0	0	0	0	0	0	0	0	0	0	0	0	0
/input/pagecontent/background.md	271	-	-	-	0	0	0	0	0	0	0	0	0	0	0	0	0	0	0	0	0	0	0	0	0	0	0	0
/input/pagecontent/downloads.xml	1287	-	-	-	0	0	0	0	0	0	0	0	0	0	0	0	0	0	0	0	0	29	0	0	0	0	0	0
/input/pagecontent/dependencies.md	0	-	-	-	0	0	0	0	0	0	0	0	0	0	0	0	0	0	0	0	0	0	0	0	0	0	0	0
/input/pagecontent/profilemapping.md	0	-	-	-	0	0	0	0	0	0	0	0	0	0	0	0	0	0	0	0	0	0	0	0	0	0	0	0
/input/pagecontent/changes.xml	457	-	-	-	0	0	0	0	0	0	0	0	0	0	0	0	0	0	0	0	0	21	0	0	0	0	0	0
/input/pagecontent/challenges.md	0	-	-	-	0	0	0	0	0	0	0	0	0	0	0	0	0	0	0	0	0	0	0	0	0	0	0	0
/input/pagecontent/implementationnotes.md	1	-	-	-	0	0	0	0	0	0	0	0	0	0	0	0	0	0	0	0	0	0	0	0	0	0	0	0
/input/pagecontent/authors.md	0	-	-	-	0	0	0	0	0	0	0	0	0	0	0	0	0	0	0	0	0	0	0	0	0	0	0	0
/input/pagecontent/knownissues.md	0	-	-	-	0	0	0	0	0	0	0	0	0	0	0	0	0	0	0	0	0	0	0	0	0	0	0	0
/input/pagecontent/examples.md	0	-	-	-	0	0	0	0	0	0	0	0	0	0	0	0	0	0	0	0	0	0	0	0	0	0	0	0
/input/pagecontent/logicals.md	0	-	-	-	0	0	0	0	0	0	0	0	0	0	0	0	0	0	0	0	0	0	0	0	0	0	0	0
/input/pagecontent/index.md	185	-	-	-	0	0	0	0	0	0	0	0	0	0	0	0	0	0	0	0	0	0	0	0	0	0	0	0
/input/pagecontent/workflow.md	0	-	-	-	0	0	0	0	0	0	0	0	0	0	0	0	0	0	0	0	0	0	0	0	0	0	0	0
/input/pagecontent/xversion.md	0	-	-	-	0	0	0	0	0	0	0	0	0	0	0	0	0	0	0	0	0	1	0	0	0	0	0	0
/input/pagecontent/scope.md	0	-	-	-	0	0	0	0	0	0	0	0	0	0	0	0	0	0	0	0	0	0	0	0	0	0	0	0
/input/pagecontent/references.md	0	-	-	-	0	0	0	0	0	0	0	0	0	0	0	0	0	0	0	0	0	0	0	0	0	0	0	0
/input/pagecontent/copyright.md	0	-	-	-	0	0	0	0	0	0	0	0	0	0	0	0	0	0	0	0	0	0	0	0	0	0	0	0
/input/pagecontent/downloads.md	0	-	-	-	0	0	0	0	0	0	0	0	0	0	0	0	0	0	0	0	0	0	0	0	0	0	0	0
/template/config	0	-	-	-	0	0	0	0	0	0	0	0	0	0	0	0	0	0	0	0	0	0	0	0	0	0	0	0
/template/config/_config.yml	46	-	-	-	0	0	0	0	0	0	0	0	0	0	0	0	0	0	0	0	0	0	0	0	0	0	0	0
/input/images	0	-	-	-	0	0	0	0	0	0	0	0	0	0	0	0	0	0	0	0	0	0	0	0	0	0	0	0
/temp/pages/_includes/artifacts.xml	71039	-	-	-	-	-	-	-	-	-	-	-	-	-	-	-	-	-	-	-	-	3	0	0	0	0	0	0
